PassengerId,Name,Sex,Embarked,Age,Age_binned,Pclass,SibSp,Parch,Survival,Cabin,Fare,Fare_binned
1,3,1,2,22.0,20대,3,1,0,사망,8,7.25,1.9
2,4,0,0,38.0,30대,1,1,0,생존,2,71.2833,4.2
3,2,0,2,26.0,20대,3,0,0,생존,8,7.925,2.0
4,4,0,2,35.0,30대,1,1,0,생존,2,53.1,4.0
5,3,1,2,35.0,30대,3,0,0,사망,8,8.05,2.0
6,3,1,1,27.71141959548496,20대,3,0,0,사망,8,8.4583,2.1
7,3,1,2,54.0,50대,1,0,0,사망,4,51.8625,3.9
8,1,1,2,2.0,0대,3,3,1,사망,8,21.075,3.0
9,4,0,2,27.0,20대,3,0,2,생존,8,11.1333,2.3
10,4,0,0,14.0,10대,2,1,0,생존,8,30.0708,3.4
11,2,0,2,4.0,0대,3,1,1,생존,6,16.7,2.8
12,2,0,2,58.0,50대,1,0,0,생존,2,26.55,3.3
13,3,1,2,20.0,10대,3,0,0,사망,8,8.05,2.0
14,3,1,2,39.0,30대,3,1,5,사망,8,31.275,3.4
15,2,0,2,14.0,10대,3,0,0,사망,8,7.8542,2.0
16,4,0,2,55.0,50대,2,0,0,생존,8,16.0,2.8
17,1,1,1,2.0,0대,3,4,1,사망,8,29.125,3.4
18,3,1,2,34.000996155644714,30대,2,0,0,생존,8,13.0,2.5
19,4,0,2,31.0,30대,3,1,0,사망,8,18.0,2.8
20,4,0,0,29.636588350805823,20대,3,0,0,생존,8,7.225,1.9
21,3,1,2,35.0,30대,2,0,0,사망,8,26.0,3.2
22,3,1,2,34.0,30대,2,0,0,생존,3,13.0,2.5
23,2,0,1,15.0,10대,3,0,0,생존,8,8.0292,2.0
24,3,1,2,28.0,20대,1,0,0,생존,0,35.5,3.5
25,2,0,2,8.0,0대,3,3,1,사망,8,21.075,3.0
26,4,0,2,38.0,30대,3,1,5,생존,8,31.3875,3.4
27,3,1,0,26.890318414731993,20대,3,0,0,사망,8,7.225,1.9
28,3,1,2,19.0,10대,1,3,2,사망,2,263.0,5.6
29,2,0,1,18.661508842697213,10대,3,0,0,생존,8,7.8792,2.0
30,3,1,2,28.51511225793309,20대,3,0,0,사망,8,7.8958,2.0
31,6,1,0,40.0,30대,1,0,0,사망,8,27.7208,3.3
32,4,0,0,41.04561952807425,40대,1,1,0,생존,1,146.5208,5.0
33,2,0,1,18.660256375515466,10대,3,0,0,생존,8,7.75,2.0
34,3,1,2,66.0,60대,2,0,0,사망,8,10.5,2.3
35,3,1,0,28.0,20대,1,1,0,사망,8,82.1708,4.4
36,3,1,2,42.0,40대,1,1,0,사망,8,52.0,4.0
37,3,1,0,26.89035912960942,20대,3,0,0,생존,8,7.2292,1.9
38,3,1,2,21.0,20대,3,0,0,사망,8,8.05,2.0
39,2,0,2,18.0,10대,3,2,0,사망,8,18.0,2.8
40,2,0,0,14.0,10대,3,1,0,생존,8,11.2417,2.3
41,4,0,2,40.0,30대,3,1,0,사망,8,9.475,2.2
42,4,0,2,27.0,20대,2,1,0,사망,8,21.0,3.0
43,3,1,0,26.896821162297915,20대,3,0,0,사망,8,7.8958,2.0
44,2,0,0,3.0,0대,2,1,2,생존,8,41.5792,3.7
45,2,0,1,19.0,10대,3,0,0,생존,8,7.8792,2.0
46,3,1,2,28.516607075575706,20대,3,0,0,사망,8,8.05,2.0
47,3,1,1,25.634416868026417,20대,3,1,0,사망,8,15.5,2.7
48,2,0,1,18.660256375515466,10대,3,0,0,생존,8,7.75,2.0
49,3,1,0,22.739907501850457,20대,3,2,0,사망,8,21.6792,3.0
50,4,0,2,18.0,10대,3,1,0,사망,8,17.8,2.8
51,1,1,2,7.0,0대,3,4,1,사망,8,39.6875,3.6
52,3,1,2,21.0,20대,3,0,0,사망,8,7.8,2.0
53,4,0,0,49.0,40대,1,1,0,생존,3,76.7292,4.3
54,4,0,2,29.0,20대,2,1,0,생존,8,26.0,3.2
55,3,1,0,65.0,60대,1,0,1,사망,1,61.9792,4.1
56,3,1,2,40.796503410933425,40대,1,0,0,생존,2,35.5,3.5
57,2,0,2,21.0,20대,2,0,0,생존,8,10.5,2.3
58,3,1,0,28.5,20대,3,0,0,사망,8,7.2292,1.9
59,2,0,2,5.0,0대,2,1,2,생존,8,27.75,3.3
60,1,1,2,11.0,10대,3,5,2,사망,8,46.9,3.8
61,3,1,0,22.0,20대,3,0,0,사망,8,7.2292,1.9
62,2,0,2,38.0,30대,1,0,0,생존,1,80.0,4.4
63,3,1,2,45.0,40대,1,1,0,사망,2,83.475,4.4
64,1,1,2,4.0,0대,3,3,2,사망,8,27.9,3.3
65,3,1,0,37.96181245539922,30대,1,0,0,사망,8,27.7208,3.3
66,1,1,0,12.257091504247402,10대,3,1,1,생존,8,15.2458,2.7
67,4,0,2,29.0,20대,2,0,0,생존,5,10.5,2.3
68,3,1,2,19.0,10대,3,0,0,사망,8,8.1583,2.1
69,2,0,2,17.0,10대,3,4,2,생존,8,7.925,2.0
70,3,1,2,26.0,20대,3,2,0,사망,8,8.6625,2.1
71,3,1,2,32.0,30대,2,0,0,사망,8,10.5,2.3
72,2,0,2,16.0,10대,3,5,2,사망,8,46.9,3.8
73,3,1,2,21.0,20대,2,0,0,사망,8,73.5,4.3
74,3,1,0,26.0,20대,3,1,0,사망,8,14.4542,2.6
75,3,1,2,32.0,30대,3,0,0,생존,8,56.4958,4.0
76,3,1,2,25.0,20대,3,0,0,사망,5,7.65,2.0
77,3,1,2,28.51511225793309,20대,3,0,0,사망,8,7.8958,2.0
78,3,1,2,28.516607075575706,20대,3,0,0,사망,8,8.05,2.0
79,1,1,2,0.83,0대,2,0,2,생존,8,29.0,3.4
80,2,0,2,30.0,20대,3,0,0,생존,8,12.475,2.5
81,3,1,2,22.0,20대,3,0,0,사망,8,9.0,2.2
82,3,1,2,29.0,20대,3,0,0,생존,8,9.5,2.2
83,2,0,1,18.66061990120676,10대,3,0,0,생존,8,7.7875,2.0
84,3,1,2,28.0,20대,1,0,0,사망,8,47.1,3.8
85,2,0,2,17.0,10대,2,0,0,생존,8,10.5,2.3
86,4,0,2,33.0,30대,3,3,0,생존,8,15.85,2.7
87,3,1,2,16.0,10대,3,1,3,사망,8,34.375,3.5
88,3,1,2,28.516607075575706,20대,3,0,0,사망,8,8.05,2.0
89,2,0,2,23.0,20대,1,3,2,생존,2,263.0,5.6
90,3,1,2,24.0,20대,3,0,0,사망,8,8.05,2.0
91,3,1,2,29.0,20대,3,0,0,사망,8,8.05,2.0
92,3,1,2,20.0,10대,3,0,0,사망,8,7.8542,2.0
93,3,1,2,46.0,40대,1,1,0,사망,4,61.175,4.0
94,3,1,2,26.0,20대,3,1,2,사망,8,20.575,3.0
95,3,1,2,59.0,50대,3,0,0,사망,8,7.25,1.9
96,3,1,2,28.516607075575706,20대,3,0,0,사망,8,8.05,2.0
97,3,1,0,71.0,70대,1,0,0,사망,0,34.6542,3.5
98,3,1,0,23.0,20대,1,0,1,생존,3,63.3583,4.1
99,4,0,2,34.0,30대,2,0,1,생존,8,23.0,3.1
100,3,1,2,34.0,30대,2,1,0,사망,8,26.0,3.2
101,2,0,2,28.0,20대,3,0,0,사망,8,7.8958,2.0
102,3,1,2,28.51511225793309,20대,3,0,0,사망,8,7.8958,2.0
103,3,1,2,21.0,20대,1,0,1,사망,3,77.2875,4.3
104,3,1,2,33.0,30대,3,0,0,사망,8,8.6542,2.1
105,3,1,2,37.0,30대,3,2,0,사망,8,7.925,2.0
106,3,1,2,28.0,20대,3,0,0,사망,8,7.8958,2.0
107,2,0,2,21.0,20대,3,0,0,생존,8,7.65,2.0
108,3,1,2,28.51394122050619,20대,3,0,0,생존,8,7.775,2.0
109,3,1,2,38.0,30대,3,0,0,사망,8,7.8958,2.0
110,2,0,1,16.673973180773334,10대,3,1,0,생존,8,24.15,3.1
111,3,1,2,47.0,40대,1,0,0,사망,2,52.0,4.0
112,2,0,0,14.5,10대,3,1,0,사망,8,14.4542,2.6
113,3,1,2,22.0,20대,3,0,0,사망,8,8.05,2.0
114,2,0,2,20.0,10대,3,1,0,사망,8,9.825,2.3
115,2,0,0,17.0,10대,3,0,0,사망,8,14.4583,2.6
116,3,1,2,21.0,20대,3,0,0,사망,8,7.925,2.0
117,3,1,1,70.5,70대,3,0,0,사망,8,7.75,2.0
118,3,1,2,29.0,20대,2,1,0,사망,8,21.0,3.0
119,3,1,0,24.0,20대,1,0,1,사망,1,247.5208,5.5
120,2,0,2,2.0,0대,3,4,2,사망,8,31.275,3.4
121,3,1,2,21.0,20대,2,2,0,사망,8,73.5,4.3
122,3,1,2,28.516607075575706,20대,3,0,0,사망,8,8.05,2.0
123,3,1,0,32.5,30대,2,1,0,사망,8,30.0708,3.4
124,2,0,2,32.5,30대,2,0,0,생존,4,13.0,2.5
125,3,1,2,54.0,50대,1,0,1,사망,3,77.2875,4.3
126,1,1,0,12.0,10대,3,1,0,생존,8,11.2417,2.3
127,3,1,1,27.70455332222774,20대,3,0,0,사망,8,7.75,2.0
128,3,1,2,24.0,20대,3,0,0,생존,8,7.1417,1.9
129,2,0,0,15.642804222283582,10대,3,1,1,생존,5,22.3583,3.1
130,3,1,2,45.0,40대,3,0,0,사망,8,6.975,1.9
131,3,1,0,33.0,30대,3,0,0,사망,8,7.8958,2.0
132,3,1,2,20.0,10대,3,0,0,사망,8,7.05,1.9
133,4,0,2,47.0,40대,3,1,0,사망,8,14.5,2.6
134,4,0,2,29.0,20대,2,1,0,생존,8,26.0,3.2
135,3,1,2,25.0,20대,2,0,0,사망,8,13.0,2.5
136,3,1,0,23.0,20대,2,0,0,사망,8,15.0458,2.7
137,2,0,2,19.0,10대,1,0,2,생존,3,26.2833,3.2
138,3,1,2,37.0,30대,1,1,0,사망,2,53.1,4.0
139,3,1,2,16.0,10대,3,0,0,사망,8,9.2167,2.2
140,3,1,0,24.0,20대,1,0,0,사망,1,79.2,4.3
141,4,0,0,28.164044706487473,20대,3,0,2,사망,8,15.2458,2.7
142,2,0,2,22.0,20대,3,0,0,생존,8,7.75,2.0
143,4,0,2,24.0,20대,3,1,0,생존,8,15.85,2.7
144,3,1,1,19.0,10대,3,0,0,사망,8,6.75,1.8
145,3,1,2,18.0,10대,2,0,0,사망,8,11.5,2.4
146,3,1,2,19.0,10대,2,1,1,사망,8,36.75,3.5
147,3,1,2,27.0,20대,3,0,0,생존,8,7.7958,2.0
148,2,0,2,9.0,0대,3,2,2,사망,8,34.375,3.5
149,3,1,2,36.5,30대,2,0,2,사망,5,26.0,3.2
150,5,1,2,42.0,40대,2,0,0,사망,8,13.0,2.5
151,5,1,2,51.0,50대,2,0,0,사망,8,12.525,2.5
152,4,0,2,22.0,20대,1,1,0,생존,2,66.6,4.1
153,3,1,2,55.5,50대,3,0,0,사망,8,8.05,2.0
154,3,1,2,40.5,40대,3,0,2,사망,8,14.5,2.6
155,3,1,2,28.509457736980195,20대,3,0,0,사망,8,7.3125,1.9
156,3,1,0,51.0,50대,1,0,1,사망,8,61.3792,4.0
157,2,0,1,16.0,10대,3,0,0,생존,8,7.7333,2.0
158,3,1,2,30.0,20대,3,0,0,사망,8,8.05,2.0
159,3,1,2,28.52254466186689,20대,3,0,0,사망,8,8.6625,2.1
160,1,1,2,0.0,0대,3,8,2,사망,8,69.55,4.2
161,3,1,2,44.0,40대,3,0,1,사망,8,16.1,2.8
162,4,0,2,40.0,30대,2,0,0,생존,8,15.75,2.7
163,3,1,2,26.0,20대,3,0,0,사망,8,7.775,2.0
164,3,1,2,17.0,10대,3,0,0,사망,8,8.6625,2.1
165,1,1,2,1.0,0대,3,4,1,사망,8,39.6875,3.6
166,1,1,2,9.0,0대,3,0,2,생존,8,20.525,3.0
167,4,0,2,42.57632860889492,40대,1,0,1,생존,4,55.0,4.0
168,4,0,2,45.0,40대,3,1,4,사망,8,27.9,3.3
169,3,1,2,39.562695032729565,30대,1,0,0,사망,8,25.925,3.2
170,3,1,2,28.0,20대,3,0,0,사망,8,56.4958,4.0
171,3,1,2,61.0,60대,1,0,0,사망,1,33.5,3.4
172,1,1,1,4.0,0대,3,4,1,사망,8,29.125,3.4
173,2,0,2,1.0,0대,3,1,1,생존,8,11.1333,2.3
174,3,1,2,21.0,20대,3,0,0,사망,8,7.925,2.0
175,3,1,0,56.0,50대,1,0,0,사망,0,30.6958,3.4
176,3,1,2,18.0,10대,3,1,1,사망,8,7.8542,2.0
177,1,1,2,9.683933998761898,0대,3,3,1,사망,8,25.4667,3.2
178,2,0,0,50.0,40대,1,0,0,사망,2,28.7125,3.3
179,3,1,2,30.0,20대,2,0,0,사망,8,13.0,2.5
180,3,1,2,36.0,30대,3,0,0,사망,8,8.05,2.0
181,2,0,2,1.356074058657061,0대,3,8,2,사망,8,69.55,4.2
182,3,1,0,32.40257779780044,30대,2,0,0,사망,8,15.05,2.7
183,1,1,2,9.0,0대,3,4,2,사망,8,31.3875,3.4
184,1,1,2,1.0,0대,2,2,1,생존,5,39.0,3.6
185,2,0,2,4.0,0대,3,0,2,생존,8,22.025,3.0
186,3,1,2,41.31739606213252,40대,1,0,0,사망,0,50.0,3.9
187,4,0,1,28.38068680410025,20대,3,1,0,생존,8,15.5,2.7
188,3,1,2,45.0,40대,1,0,0,생존,8,26.55,3.3
189,3,1,1,40.0,30대,3,1,1,사망,8,15.5,2.7
190,3,1,2,36.0,30대,3,0,0,사망,8,7.8958,2.0
191,4,0,2,32.0,30대,2,0,0,생존,8,13.0,2.5
192,3,1,2,19.0,10대,2,0,0,사망,8,13.0,2.5
193,2,0,2,19.0,10대,3,1,0,생존,8,7.8542,2.0
194,1,1,2,3.0,0대,2,1,1,생존,5,26.0,3.2
195,4,0,0,44.0,40대,1,0,0,생존,1,27.7208,3.3
196,2,0,0,58.0,50대,1,0,0,생존,1,146.5208,5.0
197,3,1,1,27.70455332222774,20대,3,0,0,사망,8,7.75,2.0
198,3,1,2,42.0,40대,3,0,1,사망,8,8.4042,2.1
199,2,0,1,18.660256375515466,10대,3,0,0,생존,8,7.75,2.0
200,2,0,2,24.0,20대,2,0,0,사망,8,13.0,2.5
201,3,1,2,28.0,20대,3,0,0,사망,8,9.5,2.2
202,3,1,2,10.400371005369339,10대,3,8,2,사망,8,69.55,4.2
203,3,1,2,34.0,30대,3,0,0,사망,8,6.4958,1.8
204,3,1,0,45.5,40대,3,0,0,사망,8,7.225,1.9
205,3,1,2,18.0,10대,3,0,0,생존,8,8.05,2.0
206,2,0,2,2.0,0대,3,0,1,사망,6,10.4625,2.3
207,3,1,2,32.0,30대,3,1,0,사망,8,15.85,2.7
208,3,1,0,26.0,20대,3,0,0,생존,8,18.7875,2.8
209,2,0,1,16.0,10대,3,0,0,생존,8,7.75,2.0
210,3,1,0,40.0,30대,1,0,0,생존,0,31.0,3.4
211,3,1,2,24.0,20대,3,0,0,사망,8,7.05,1.9
212,2,0,2,35.0,30대,2,0,0,생존,8,21.0,3.0
213,3,1,2,22.0,20대,3,0,0,사망,8,7.25,1.9
214,3,1,2,30.0,20대,2,0,0,사망,8,13.0,2.5
215,3,1,1,25.559288225158355,20대,3,1,0,사망,8,7.75,2.0
216,2,0,0,31.0,30대,1,1,0,생존,3,113.275,4.7
217,2,0,2,27.0,20대,3,0,0,생존,8,7.925,2.0
218,3,1,2,42.0,40대,2,1,0,사망,8,27.0,3.3
219,2,0,0,32.0,30대,1,0,0,생존,3,76.2917,4.3
220,3,1,2,30.0,20대,2,0,0,사망,8,10.5,2.3
221,3,1,2,16.0,10대,3,0,0,생존,8,8.05,2.0
222,3,1,2,27.0,20대,2,0,0,사망,8,13.0,2.5
223,3,1,2,51.0,50대,3,0,0,사망,8,8.05,2.0
224,3,1,2,28.51511225793309,20대,3,0,0,사망,8,7.8958,2.0
225,3,1,2,38.0,30대,1,1,0,생존,2,90.0,4.5
226,3,1,2,22.0,20대,3,0,0,사망,8,9.35,2.2
227,3,1,2,19.0,10대,2,0,0,생존,8,10.5,2.3
228,3,1,2,20.5,20대,3,0,0,사망,8,7.25,1.9
229,3,1,2,18.0,10대,2,0,0,사망,8,13.0,2.5
230,2,0,2,12.43020393483573,10대,3,3,1,사망,8,25.4667,3.2
231,4,0,2,35.0,30대,1,1,0,생존,2,83.475,4.4
232,3,1,2,29.0,20대,3,0,0,사망,8,7.775,2.0
233,3,1,2,59.0,50대,2,0,0,사망,8,13.5,2.6
234,2,0,2,5.0,0대,3,4,2,생존,8,31.3875,3.4
235,3,1,2,24.0,20대,2,0,0,사망,8,10.5,2.3
236,2,0,2,19.467463119646133,10대,3,0,0,사망,8,7.55,2.0
237,3,1,2,44.0,40대,2,1,0,사망,8,26.0,3.2
238,2,0,2,8.0,0대,2,0,2,생존,8,26.25,3.2
239,3,1,2,19.0,10대,2,0,0,사망,8,10.5,2.3
240,3,1,2,33.0,30대,2,0,0,사망,8,12.275,2.4
241,2,0,0,15.770836369017662,10대,3,1,0,사망,8,14.4542,2.6
242,2,0,1,16.590119921314145,10대,3,1,0,생존,8,15.5,2.7
243,3,1,2,29.0,20대,2,0,0,사망,8,10.5,2.3
244,3,1,2,22.0,20대,3,0,0,사망,8,7.125,1.9
245,3,1,0,30.0,20대,3,0,0,사망,8,7.225,1.9
246,0,1,1,44.0,40대,1,2,0,사망,2,90.0,4.5
247,2,0,2,25.0,20대,3,0,0,사망,8,7.775,2.0
248,4,0,2,24.0,20대,2,0,2,생존,8,14.5,2.6
249,3,1,2,37.0,30대,1,1,1,생존,3,52.5542,4.0
250,5,1,2,54.0,50대,2,1,0,사망,8,26.0,3.2
251,3,1,2,28.50885186082803,20대,3,0,0,사망,8,7.25,1.9
252,4,0,2,29.0,20대,3,1,1,사망,6,10.4625,2.3
253,3,1,2,62.0,60대,1,0,0,사망,2,26.55,3.3
254,3,1,2,30.0,20대,3,1,0,사망,8,16.1,2.8
255,4,0,2,41.0,40대,3,0,2,사망,8,20.2125,2.9
256,4,0,0,29.0,20대,3,0,2,생존,8,15.2458,2.7
257,4,0,0,41.20712270527092,40대,1,0,0,생존,8,79.2,4.3
258,2,0,2,30.0,20대,1,0,0,생존,1,86.5,4.5
259,2,0,0,35.0,30대,1,0,0,생존,8,512.3292,6.2
260,4,0,2,50.0,40대,2,0,1,생존,8,26.0,3.2
261,3,1,1,27.70455332222774,20대,3,0,0,사망,8,7.75,2.0
262,1,1,2,3.0,0대,3,4,2,생존,8,31.3875,3.4
263,3,1,2,52.0,50대,1,1,1,사망,4,79.65,4.4
264,3,1,2,40.0,30대,1,0,0,사망,1,61.3792,4.0
265,2,0,1,18.660256375515466,10대,3,0,0,사망,8,7.75,2.0
266,3,1,2,36.0,30대,2,0,0,사망,8,10.5,2.3
267,3,1,2,16.0,10대,3,4,1,사망,8,39.6875,3.6
268,3,1,2,25.0,20대,3,1,0,생존,8,7.775,2.0
269,4,0,2,58.0,50대,1,0,1,생존,2,153.4625,5.0
270,2,0,2,35.0,30대,1,0,0,생존,2,135.6333,4.9
271,3,1,2,39.611892176285096,30대,1,0,0,사망,8,31.0,3.4
272,3,1,2,25.0,20대,3,0,0,생존,8,8.05,2.0
273,4,0,2,41.0,40대,2,0,1,생존,8,19.5,2.9
274,3,1,0,37.0,30대,1,0,1,사망,2,29.7,3.4
275,2,0,1,18.660256375515466,10대,3,0,0,생존,8,7.75,2.0
276,2,0,2,63.0,60대,1,1,0,생존,3,77.9583,4.3
277,2,0,2,45.0,40대,3,0,0,사망,8,7.75,2.0
278,3,1,2,34.02086889343562,30대,2,0,0,사망,8,15.05,2.7
279,1,1,1,7.0,0대,3,4,1,사망,8,29.125,3.4
280,4,0,2,35.0,30대,3,1,1,생존,8,20.25,2.9
281,3,1,1,65.0,60대,3,0,0,사망,8,7.75,2.0
282,3,1,2,28.0,20대,3,0,0,사망,8,7.8542,2.0
283,3,1,2,16.0,10대,3,0,0,사망,8,9.5,2.2
284,3,1,2,19.0,10대,3,0,0,생존,8,8.05,2.0
285,3,1,2,41.08473961970239,40대,1,0,0,사망,0,26.0,3.2
286,3,1,0,33.0,30대,3,0,0,사망,8,8.6625,2.1
287,3,1,2,30.0,20대,3,0,0,생존,8,9.5,2.2
288,3,1,2,22.0,20대,3,0,0,사망,8,7.8958,2.0
289,3,1,2,42.0,40대,2,0,0,생존,8,13.0,2.5
290,2,0,1,22.0,20대,3,0,0,생존,8,7.75,2.0
291,2,0,2,26.0,20대,1,0,0,생존,8,78.85,4.3
292,4,0,0,19.0,10대,1,1,0,생존,1,91.0792,4.5
293,3,1,0,36.0,30대,2,0,0,사망,3,12.875,2.5
294,2,0,2,24.0,20대,3,0,0,사망,8,8.85,2.2
295,3,1,2,24.0,20대,3,0,0,사망,8,7.8958,2.0
296,3,1,0,37.96181245539922,30대,1,0,0,사망,8,27.7208,3.3
297,3,1,0,23.5,20대,3,0,0,사망,8,7.2292,1.9
298,2,0,2,2.0,0대,1,1,2,사망,2,151.55,5.0
299,3,1,2,40.74803331876048,40대,1,0,0,생존,2,30.5,3.4
300,4,0,0,50.0,40대,1,0,1,생존,1,247.5208,5.5
301,2,0,1,18.660256375515466,10대,3,0,0,생존,8,7.75,2.0
302,3,1,1,23.564280413825095,20대,3,2,0,생존,8,23.25,3.1
303,3,1,2,19.0,10대,3,0,0,사망,8,8.05,2.0
304,2,0,1,24.90191131692748,20대,2,0,0,생존,4,12.35,2.5
305,3,1,2,28.516607075575706,20대,3,0,0,사망,8,8.05,2.0
306,1,1,2,0.92,0대,1,1,2,생존,2,151.55,5.0
307,2,0,0,29.72369431675342,20대,1,0,0,생존,8,110.8833,4.6
308,4,0,0,17.0,10대,1,1,0,생존,2,108.9,4.6
309,3,1,0,30.0,20대,2,1,0,사망,8,24.0,3.1
310,2,0,0,30.0,20대,1,0,0,생존,4,56.9292,4.0
311,2,0,0,24.0,20대,1,0,0,생존,2,83.1583,4.4
312,2,0,0,18.0,10대,1,2,2,생존,1,262.375,5.6
313,4,0,2,26.0,20대,2,1,1,사망,8,26.0,3.2
314,3,1,2,28.0,20대,3,0,0,사망,8,7.8958,2.0
315,3,1,2,43.0,40대,2,1,1,사망,8,26.25,3.2
316,2,0,2,26.0,20대,3,0,0,생존,8,7.8542,2.0
317,4,0,2,24.0,20대,2,1,0,생존,8,26.0,3.2
318,0,1,2,54.0,50대,2,0,0,사망,8,14.0,2.6
319,2,0,2,31.0,30대,1,0,2,생존,2,164.8667,5.1
320,4,0,0,40.0,30대,1,1,1,생존,4,134.5,4.9
321,3,1,2,22.0,20대,3,0,0,사망,8,7.25,1.9
322,3,1,2,27.0,20대,3,0,0,사망,8,7.8958,2.0
323,2,0,1,30.0,20대,2,0,0,생존,8,12.35,2.5
324,4,0,2,22.0,20대,2,1,1,생존,8,29.0,3.4
325,3,1,2,10.400371005369339,10대,3,8,2,사망,8,69.55,4.2
326,2,0,0,36.0,30대,1,0,0,생존,2,135.6333,4.9
327,3,1,2,61.0,60대,3,0,0,사망,8,6.2375,1.7
328,4,0,2,36.0,30대,2,0,0,생존,3,13.0,2.5
329,4,0,2,31.0,30대,3,1,1,생존,8,20.525,3.0
330,2,0,0,16.0,10대,1,0,1,생존,1,57.9792,4.0
331,2,0,1,14.51998346711282,10대,3,2,0,생존,8,23.25,3.1
332,3,1,2,45.5,40대,1,0,0,사망,2,28.5,3.3
333,3,1,2,38.0,30대,1,0,1,사망,2,153.4625,5.0
334,3,1,2,16.0,10대,3,2,0,사망,8,18.0,2.8
335,4,0,2,41.207988007600065,40대,1,1,0,생존,8,133.65,4.9
336,3,1,2,28.51511225793309,20대,3,0,0,사망,8,7.8958,2.0
337,3,1,2,29.0,20대,1,1,0,사망,2,66.6,4.1
338,2,0,0,41.0,40대,1,0,0,생존,4,134.5,4.9
339,3,1,2,45.0,40대,3,0,0,생존,8,8.05,2.0
340,3,1,2,45.0,40대,1,0,0,사망,7,35.5,3.5
341,1,1,2,2.0,0대,2,1,1,생존,5,26.0,3.2
342,2,0,2,24.0,20대,1,3,2,생존,2,263.0,5.6
343,3,1,2,28.0,20대,2,0,0,사망,8,13.0,2.5
344,3,1,2,25.0,20대,2,0,0,사망,8,13.0,2.5
345,3,1,2,36.0,30대,2,0,0,사망,8,13.0,2.5
346,2,0,2,24.0,20대,2,0,0,생존,5,13.0,2.5
347,2,0,2,40.0,30대,2,0,0,생존,8,13.0,2.5
348,4,0,2,29.19564876297859,20대,3,1,0,생존,8,16.1,2.8
349,1,1,2,3.0,0대,3,1,1,생존,8,15.9,2.8
350,3,1,2,42.0,40대,3,0,0,사망,8,8.6625,2.1
351,3,1,2,23.0,20대,3,0,0,사망,8,9.225,2.2
352,3,1,2,40.791656401716125,40대,1,0,0,사망,2,35.0,3.5
353,3,1,0,15.0,10대,3,1,1,사망,8,7.2292,1.9
354,3,1,2,25.0,20대,3,1,0,사망,8,17.8,2.8
355,3,1,0,26.890318414731993,20대,3,0,0,사망,8,7.225,1.9
356,3,1,2,28.0,20대,3,0,0,사망,8,9.5,2.2
357,2,0,2,22.0,20대,1,0,1,생존,4,55.0,4.0
358,2,0,2,38.0,30대,2,0,0,사망,8,13.0,2.5
359,2,0,1,18.661508842697213,10대,3,0,0,생존,8,7.8792,2.0
360,2,0,1,18.661508842697213,10대,3,0,0,생존,8,7.8792,2.0
361,3,1,2,40.0,30대,3,1,4,사망,8,27.9,3.3
362,3,1,0,29.0,20대,2,1,0,사망,8,27.7208,3.3
363,4,0,0,45.0,40대,3,0,1,사망,8,14.4542,2.6
364,3,1,2,35.0,30대,3,0,0,사망,8,7.05,1.9
365,3,1,1,25.634416868026417,20대,3,1,0,사망,8,15.5,2.7
366,3,1,2,30.0,20대,3,0,0,사망,8,7.25,1.9
367,4,0,0,60.0,50대,1,1,0,생존,3,75.25,4.3
368,4,0,0,29.63662906568325,20대,3,0,0,생존,8,7.2292,1.9
369,2,0,1,18.660256375515466,10대,3,0,0,생존,8,7.75,2.0
370,6,0,0,24.0,20대,1,0,0,생존,1,69.3,4.2
371,3,1,0,25.0,20대,1,1,0,생존,4,55.4417,4.0
372,3,1,2,18.0,10대,3,1,0,사망,8,6.4958,1.8
373,3,1,2,19.0,10대,3,0,0,사망,8,8.05,2.0
374,3,1,0,22.0,20대,1,0,0,사망,8,135.6333,4.9
375,2,0,2,3.0,0대,3,3,1,사망,8,21.075,3.0
376,4,0,0,39.090656598167016,30대,1,1,0,생존,8,82.1708,4.4
377,2,0,2,22.0,20대,3,0,0,생존,8,7.25,1.9
378,3,1,0,27.0,20대,1,0,2,사망,2,211.5,5.3
379,3,1,0,20.0,10대,3,0,0,사망,8,4.0125,1.3
380,3,1,2,19.0,10대,3,0,0,사망,8,7.775,2.0
381,2,0,0,42.0,40대,1,0,0,생존,8,227.525,5.4
382,2,0,0,1.0,0대,3,0,2,생존,8,15.7417,2.7
383,3,1,2,32.0,30대,3,0,0,사망,8,7.925,2.0
384,4,0,2,35.0,30대,1,1,0,생존,8,52.0,4.0
385,3,1,2,28.51511225793309,20대,3,0,0,사망,8,7.8958,2.0
386,3,1,2,18.0,10대,2,0,0,사망,8,73.5,4.3
387,1,1,2,1.0,0대,3,5,2,사망,8,46.9,3.8
388,2,0,2,36.0,30대,2,0,0,생존,8,13.0,2.5
389,3,1,1,27.7043516866443,20대,3,0,0,사망,8,7.7292,2.0
390,2,0,0,17.0,10대,2,0,0,생존,8,12.0,2.4
391,3,1,2,36.0,30대,1,1,2,생존,1,120.0,4.7
392,3,1,2,21.0,20대,3,0,0,생존,8,7.7958,2.0
393,3,1,2,28.0,20대,3,2,0,사망,8,7.925,2.0
394,2,0,0,23.0,20대,1,1,0,생존,3,113.275,4.7
395,4,0,2,24.0,20대,3,0,2,생존,6,16.7,2.8
396,3,1,2,22.0,20대,3,0,0,사망,8,7.7958,2.0
397,2,0,2,31.0,30대,3,0,0,사망,8,7.8542,2.0
398,3,1,2,46.0,40대,2,0,0,사망,8,26.0,3.2
399,0,1,2,23.0,20대,2,0,0,사망,8,10.5,2.3
400,4,0,2,28.0,20대,2,0,0,생존,8,12.65,2.5
401,3,1,2,39.0,30대,3,0,0,생존,8,7.925,2.0
402,3,1,2,26.0,20대,3,0,0,사망,8,8.05,2.0
403,2,0,2,21.0,20대,3,1,0,사망,8,9.825,2.3
404,3,1,2,28.0,20대,3,1,0,사망,8,15.85,2.7
405,2,0,2,20.0,10대,3,0,0,사망,8,8.6625,2.1
406,3,1,2,34.0,30대,2,1,0,사망,8,21.0,3.0
407,3,1,2,51.0,50대,3,0,0,사망,8,7.75,2.0
408,1,1,2,3.0,0대,2,1,1,생존,8,18.75,2.8
409,3,1,2,21.0,20대,3,0,0,사망,8,7.775,2.0
410,2,0,2,12.43020393483573,10대,3,3,1,사망,8,25.4667,3.2
411,3,1,2,28.51511225793309,20대,3,0,0,사망,8,7.8958,2.0
412,3,1,1,27.69590916598962,20대,3,0,0,사망,8,6.8583,1.9
413,2,0,1,33.0,30대,1,1,0,생존,2,90.0,4.5
414,3,1,2,34.02086889343562,30대,2,0,0,사망,8,15.05,2.7
415,3,1,2,44.0,40대,3,0,0,생존,8,7.925,2.0
416,4,0,2,31.262877011649536,30대,3,0,0,사망,8,8.05,2.0
417,4,0,2,34.0,30대,2,1,1,생존,8,32.5,3.4
418,2,0,2,18.0,10대,2,0,2,생존,8,13.0,2.5
419,3,1,2,30.0,20대,2,0,0,사망,8,13.0,2.5
420,2,0,2,10.0,0대,3,0,2,사망,8,24.15,3.1
421,3,1,0,26.896821162297915,20대,3,0,0,사망,8,7.8958,2.0
422,3,1,1,21.0,20대,3,0,0,사망,8,7.7333,2.0
423,3,1,2,29.0,20대,3,0,0,사망,8,7.875,2.0
424,4,0,2,28.0,20대,3,1,1,사망,8,14.4,2.6
425,3,1,2,18.0,10대,3,1,1,사망,8,20.2125,2.9
426,3,1,2,28.50885186082803,20대,3,0,0,사망,8,7.25,1.9
427,4,0,2,28.0,20대,2,1,0,생존,8,26.0,3.2
428,2,0,2,19.0,10대,2,0,0,생존,8,26.0,3.2
429,3,1,1,27.70455332222774,20대,3,0,0,사망,8,7.75,2.0
430,3,1,2,32.0,30대,3,0,0,생존,4,8.05,2.0
431,3,1,2,28.0,20대,1,0,0,생존,2,26.55,3.3
432,4,0,2,29.19564876297859,20대,3,1,0,생존,8,16.1,2.8
433,4,0,2,42.0,40대,2,1,0,생존,8,26.0,3.2
434,3,1,2,17.0,10대,3,0,0,사망,8,7.125,1.9
435,3,1,2,50.0,40대,1,1,0,사망,4,55.9,4.0
436,2,0,2,14.0,10대,1,1,2,생존,1,120.0,4.7
437,2,0,2,21.0,20대,3,2,2,사망,8,34.375,3.5
438,4,0,2,24.0,20대,2,2,3,생존,8,18.75,2.8
439,3,1,2,64.0,60대,1,1,4,사망,2,263.0,5.6
440,3,1,2,31.0,30대,2,0,0,사망,8,10.5,2.3
441,4,0,2,45.0,40대,2,1,1,생존,8,26.25,3.2
442,3,1,2,20.0,10대,3,0,0,사망,8,9.5,2.2
443,3,1,2,25.0,20대,3,1,0,사망,8,7.775,2.0
444,6,0,2,28.0,20대,2,0,0,생존,8,13.0,2.5
445,3,1,2,28.517212951727867,20대,3,0,0,생존,8,8.1125,2.1
446,1,1,2,4.0,0대,1,0,2,생존,0,81.8583,4.4
447,2,0,2,13.0,10대,2,0,1,생존,8,19.5,2.9
448,3,1,2,34.0,30대,1,0,0,생존,8,26.55,3.3
449,2,0,0,5.0,0대,3,2,1,생존,8,19.2583,2.9
450,6,1,2,52.0,50대,1,0,0,생존,2,30.5,3.4
451,3,1,2,36.0,30대,2,1,2,사망,8,27.75,3.3
452,3,1,2,26.486862687985784,20대,3,1,0,사망,8,19.9667,2.9
453,3,1,0,30.0,20대,1,0,0,사망,2,27.75,3.3
454,3,1,0,49.0,40대,1,1,0,생존,2,89.1042,4.5
455,3,1,2,28.516607075575706,20대,3,0,0,사망,8,8.05,2.0
456,3,1,0,29.0,20대,3,0,0,생존,8,7.8958,2.0
457,3,1,2,65.0,60대,1,0,0,사망,4,26.55,3.3
458,4,0,2,41.36596193462505,40대,1,1,0,생존,3,51.8625,3.9
459,2,0,2,50.0,40대,2,0,0,생존,8,10.5,2.3
460,3,1,1,27.70455332222774,20대,3,0,0,사망,8,7.75,2.0
461,3,1,2,48.0,40대,1,0,0,생존,4,26.55,3.3
462,3,1,2,34.0,30대,3,0,0,사망,8,8.05,2.0
463,3,1,2,47.0,40대,1,0,0,사망,4,38.5,3.6
464,3,1,2,48.0,40대,2,0,0,사망,8,13.0,2.5
465,3,1,2,28.516607075575706,20대,3,0,0,사망,8,8.05,2.0
466,3,1,2,38.0,30대,3,0,0,사망,8,7.05,1.9
467,3,1,2,34.02086889343562,30대,2,0,0,사망,8,15.05,2.7
468,3,1,2,56.0,50대,1,0,0,사망,8,26.55,3.3
469,3,1,1,27.704310971766876,20대,3,0,0,사망,8,7.725,2.0
470,2,0,0,0.75,0대,3,2,1,생존,8,19.2583,2.9
471,3,1,2,28.50885186082803,20대,3,0,0,사망,8,7.25,1.9
472,3,1,2,38.0,30대,3,0,0,사망,8,8.6625,2.1
473,4,0,2,33.0,30대,2,1,2,생존,8,27.75,3.3
474,4,0,0,23.0,20대,2,0,0,생존,3,13.7917,2.6
475,2,0,2,22.0,20대,3,0,0,사망,8,9.8375,2.3
476,3,1,2,41.33678409900169,40대,1,0,0,사망,0,52.0,4.0
477,3,1,2,34.0,30대,2,1,0,사망,8,21.0,3.0
478,3,1,2,29.0,20대,3,1,0,사망,8,7.0458,1.9
479,3,1,2,22.0,20대,3,0,0,사망,8,7.5208,2.0
480,2,0,2,2.0,0대,3,0,1,생존,8,12.2875,2.4
481,1,1,2,9.0,0대,3,5,2,사망,8,46.9,3.8
482,3,1,2,34.02086889343562,30대,2,0,0,사망,8,15.05,2.7
483,3,1,2,50.0,40대,3,0,0,사망,8,8.05,2.0
484,4,0,2,63.0,60대,3,0,0,생존,8,9.5875,2.3
485,3,1,0,25.0,20대,1,1,0,생존,1,91.0792,4.5
486,2,0,2,12.43020393483573,10대,3,3,1,사망,8,25.4667,3.2
487,4,0,2,35.0,30대,1,1,0,생존,2,90.0,4.5
488,3,1,0,58.0,50대,1,0,0,사망,1,29.7,3.4
489,3,1,2,30.0,20대,3,0,0,사망,8,8.05,2.0
490,1,1,2,9.0,0대,3,1,1,생존,8,15.9,2.8
491,3,1,2,26.486862687985784,20대,3,1,0,사망,8,19.9667,2.9
492,3,1,2,21.0,20대,3,0,0,사망,8,7.25,1.9
493,3,1,2,55.0,50대,1,0,0,사망,2,30.5,3.4
494,3,1,0,71.0,70대,1,0,0,사망,8,49.5042,3.9
495,3,1,2,21.0,20대,3,0,0,사망,8,8.05,2.0
496,3,1,0,26.9604381582749,20대,3,0,0,사망,8,14.4583,2.6
497,2,0,0,54.0,50대,1,1,0,생존,3,78.2667,4.3
498,3,1,2,28.584949905539553,20대,3,0,0,사망,8,15.1,2.7
499,4,0,2,25.0,20대,1,1,2,사망,2,151.55,5.0
500,3,1,2,24.0,20대,3,0,0,사망,8,7.7958,2.0
501,3,1,2,17.0,10대,3,0,0,사망,8,8.6625,2.1
502,2,0,1,21.0,20대,3,0,0,사망,8,7.75,2.0
503,2,0,1,18.659085338088566,10대,3,0,0,사망,8,7.6292,2.0
504,2,0,2,37.0,30대,3,0,0,사망,8,9.5875,2.3
505,2,0,2,16.0,10대,1,0,0,생존,1,86.5,4.5
506,3,1,0,18.0,10대,1,1,0,사망,2,108.9,4.6
507,4,0,2,33.0,30대,2,0,2,생존,8,26.0,3.2
508,3,1,2,39.56875379425118,30대,1,0,0,생존,8,26.55,3.3
509,3,1,2,28.0,20대,3,0,0,사망,8,22.525,3.1
510,3,1,2,26.0,20대,3,0,0,생존,8,56.4958,4.0
511,3,1,1,29.0,20대,3,0,0,생존,8,7.75,2.0
512,3,1,2,28.516607075575706,20대,3,0,0,사망,8,8.05,2.0
513,3,1,2,36.0,30대,1,0,0,생존,4,26.2875,3.2
514,4,0,0,54.0,50대,1,1,0,생존,8,59.4,4.0
515,3,1,2,24.0,20대,3,0,0,사망,8,7.4958,2.0
516,3,1,2,47.0,40대,1,0,0,사망,3,34.0208,3.4
517,4,0,2,34.0,30대,2,0,0,생존,5,10.5,2.3
518,3,1,1,27.863535224554994,20대,3,0,0,사망,8,24.15,3.1
519,4,0,2,36.0,30대,2,1,0,생존,8,26.0,3.2
520,3,1,2,32.0,30대,3,0,0,사망,8,7.8958,2.0
521,2,0,2,30.0,20대,1,0,0,생존,1,93.5,4.5
522,3,1,2,22.0,20대,3,0,0,사망,8,7.8958,2.0
523,3,1,0,26.890318414731993,20대,3,0,0,사망,8,7.225,1.9
524,4,0,0,44.0,40대,1,0,1,생존,1,57.9792,4.0
525,3,1,0,26.89035912960942,20대,3,0,0,사망,8,7.2292,1.9
526,3,1,1,40.5,40대,3,0,0,사망,8,7.75,2.0
527,2,0,2,50.0,40대,2,0,0,생존,8,10.5,2.3
528,3,1,2,42.60229740971384,40대,1,0,0,사망,2,221.7792,5.4
529,3,1,2,39.0,30대,3,0,0,사망,8,7.925,2.0
530,3,1,2,23.0,20대,2,2,1,사망,8,11.5,2.4
531,2,0,2,2.0,0대,2,1,1,생존,8,26.0,3.2
532,3,1,0,26.89035912960942,20대,3,0,0,사망,8,7.2292,1.9
533,3,1,0,17.0,10대,3,1,1,사망,8,7.2292,1.9
534,4,0,0,28.232993412603484,20대,3,0,2,생존,8,22.3583,3.1
535,2,0,2,30.0,20대,3,0,0,사망,8,8.6625,2.1
536,2,0,2,7.0,0대,2,0,2,생존,8,26.25,3.2
537,6,1,2,45.0,40대,1,0,0,사망,1,26.55,3.3
538,2,0,0,30.0,20대,1,0,0,생존,8,106.425,4.6
539,3,1,2,28.579133494478803,20대,3,0,0,사망,8,14.5,2.6
540,2,0,0,22.0,20대,1,0,2,생존,1,49.5,3.9
541,2,0,2,36.0,30대,1,0,2,생존,1,71.0,4.2
542,2,0,2,9.0,0대,3,4,2,사망,8,31.275,3.4
543,2,0,2,11.0,10대,3,4,2,사망,8,31.275,3.4
544,3,1,2,32.0,30대,2,1,0,생존,8,26.0,3.2
545,3,1,0,50.0,40대,1,1,0,사망,2,106.425,4.6
546,3,1,2,64.0,60대,1,0,0,사망,8,26.0,3.2
547,4,0,2,19.0,10대,2,1,0,생존,8,26.0,3.2
548,3,1,0,32.39106615090937,30대,2,0,0,생존,8,13.8625,2.6
549,3,1,2,33.0,30대,3,1,1,사망,8,20.525,3.0
550,1,1,2,8.0,0대,2,1,1,생존,8,36.75,3.5
551,3,1,0,17.0,10대,1,0,2,생존,2,110.8833,4.6
552,3,1,2,27.0,20대,2,0,0,사망,8,26.0,3.2
553,3,1,1,27.705321088487757,20대,3,0,0,사망,8,7.8292,2.0
554,3,1,0,22.0,20대,3,0,0,생존,8,7.225,1.9
555,2,0,2,22.0,20대,3,0,0,생존,8,7.775,2.0
556,3,1,2,62.0,60대,1,0,0,사망,8,26.55,3.3
557,6,0,0,48.0,40대,1,1,0,생존,0,39.6,3.6
558,3,1,0,39.89871805350745,30대,1,0,0,사망,8,227.525,5.4
559,4,0,2,39.0,30대,1,1,1,생존,4,79.65,4.4
560,4,0,2,36.0,30대,3,1,0,생존,8,17.4,2.8
561,3,1,1,27.70455332222774,20대,3,0,0,사망,8,7.75,2.0
562,3,1,2,40.0,30대,3,0,0,사망,8,7.8958,2.0
563,3,1,2,28.0,20대,2,0,0,사망,8,13.5,2.6
564,3,1,2,28.516607075575706,20대,3,0,0,사망,8,8.05,2.0
565,2,0,2,19.47231012886343,10대,3,0,0,사망,8,8.05,2.0
566,3,1,2,24.0,20대,3,2,0,사망,8,24.15,3.1
567,3,1,2,19.0,10대,3,0,0,사망,8,7.8958,2.0
568,4,0,2,29.0,20대,3,0,4,사망,8,21.075,3.0
569,3,1,0,26.89035912960942,20대,3,0,0,사망,8,7.2292,1.9
570,3,1,2,32.0,30대,3,0,0,생존,8,7.8542,2.0
571,3,1,2,62.0,60대,2,0,0,생존,8,10.5,2.3
572,4,0,2,53.0,50대,1,2,0,생존,2,51.4792,3.9
573,3,1,2,36.0,30대,1,0,0,생존,4,26.3875,3.3
574,2,0,1,18.660256375515466,10대,3,0,0,생존,8,7.75,2.0
575,3,1,2,16.0,10대,3,0,0,사망,8,8.05,2.0
576,3,1,2,19.0,10대,3,0,0,사망,8,14.5,2.6
577,2,0,2,34.0,30대,2,0,0,생존,8,13.0,2.5
578,4,0,2,39.0,30대,1,1,0,생존,4,55.9,4.0
579,4,0,0,27.56144299727935,20대,3,1,0,사망,8,14.4583,2.6
580,3,1,2,32.0,30대,3,0,0,생존,8,7.925,2.0
581,2,0,2,25.0,20대,2,1,1,생존,8,30.0,3.4
582,4,0,0,39.0,30대,1,1,1,생존,2,110.8833,4.6
583,3,1,2,54.0,50대,2,0,0,사망,8,26.0,3.2
584,3,1,0,36.0,30대,1,0,0,사망,0,40.125,3.6
585,3,1,0,26.90473826715344,20대,3,0,0,사망,8,8.7125,2.1
586,2,0,2,18.0,10대,1,0,2,생존,4,79.65,4.4
587,3,1,2,47.0,40대,2,0,0,사망,8,15.0,2.7
588,3,1,0,60.0,50대,1,1,1,생존,1,79.2,4.3
589,3,1,2,22.0,20대,3,0,0,사망,8,8.05,2.0
590,3,1,2,28.516607075575706,20대,3,0,0,사망,8,8.05,2.0
591,3,1,2,35.0,30대,3,0,0,사망,8,7.125,1.9
592,4,0,0,52.0,50대,1,1,0,생존,3,78.2667,4.3
593,3,1,2,47.0,40대,3,0,0,사망,8,7.25,1.9
594,2,0,1,17.109958948136963,10대,3,0,2,사망,8,7.75,2.0
595,3,1,2,37.0,30대,2,1,0,사망,8,26.0,3.2
596,3,1,2,36.0,30대,3,1,1,사망,8,24.15,3.1
597,2,0,2,25.150579577624207,20대,2,0,0,생존,8,33.0,3.4
598,3,1,2,49.0,40대,3,0,0,사망,8,8.05,2.0
599,3,1,0,26.890318414731993,20대,3,0,0,사망,8,7.225,1.9
600,6,1,0,49.0,40대,1,1,0,생존,0,56.9292,4.0
601,4,0,2,24.0,20대,2,2,1,생존,8,27.0,3.3
602,3,1,2,28.51511225793309,20대,3,0,0,사망,8,7.8958,2.0
603,3,1,2,39.72240398643941,30대,1,0,0,사망,8,42.4,3.7
604,3,1,2,44.0,40대,3,0,0,사망,8,8.05,2.0
605,3,1,0,35.0,30대,1,0,0,생존,8,26.55,3.3
606,3,1,2,36.0,30대,3,1,0,사망,8,15.55,2.7
607,3,1,2,30.0,20대,3,0,0,사망,8,7.8958,2.0
608,3,1,2,27.0,20대,1,0,0,생존,8,30.5,3.4
609,4,0,0,22.0,20대,2,1,2,생존,8,41.5792,3.7
610,2,0,2,40.0,30대,1,0,0,생존,2,153.4625,5.0
611,4,0,2,39.0,30대,3,1,5,사망,8,31.275,3.4
612,3,1,2,28.506913057141116,20대,3,0,0,사망,8,7.05,1.9
613,2,0,1,16.590119921314145,10대,3,1,0,생존,8,15.5,2.7
614,3,1,1,27.70455332222774,20대,3,0,0,사망,8,7.75,2.0
615,3,1,2,35.0,30대,3,0,0,사망,8,8.05,2.0
616,2,0,2,24.0,20대,2,1,2,생존,8,65.0,4.1
617,3,1,2,34.0,30대,3,1,1,사망,8,14.4,2.6
618,4,0,2,26.0,20대,3,1,0,사망,8,16.1,2.8
619,2,0,2,4.0,0대,2,2,1,생존,5,39.0,3.6
620,3,1,2,26.0,20대,2,0,0,사망,8,10.5,2.3
621,3,1,0,27.0,20대,3,1,0,사망,8,14.4542,2.6
622,3,1,2,42.0,40대,1,1,0,생존,3,52.5542,4.0
623,3,1,0,20.0,10대,3,1,1,생존,8,15.7417,2.7
624,3,1,2,21.0,20대,3,0,0,사망,8,7.8542,2.0
625,3,1,2,21.0,20대,3,0,0,사망,8,16.1,2.8
626,3,1,2,61.0,60대,1,0,0,사망,3,32.3208,3.4
627,5,1,1,57.0,50대,2,0,0,사망,8,12.35,2.5
628,2,0,2,21.0,20대,1,0,0,생존,3,77.9583,4.3
629,3,1,2,26.0,20대,3,0,0,사망,8,7.8958,2.0
630,3,1,1,27.704391432119884,20대,3,0,0,사망,8,7.7333,2.0
631,3,1,2,80.0,70대,1,0,0,생존,0,30.0,3.4
632,3,1,2,51.0,50대,3,0,0,사망,8,7.0542,1.9
633,0,1,0,32.0,30대,1,0,0,생존,1,30.5,3.4
634,3,1,2,39.90638870111315,30대,1,0,0,사망,8,61.3792,4.0
635,2,0,2,9.0,0대,3,3,2,사망,8,27.9,3.3
636,2,0,2,28.0,20대,2,0,0,생존,8,13.0,2.5
637,3,1,2,32.0,30대,3,0,0,사망,8,7.925,2.0
638,3,1,2,31.0,30대,2,1,1,사망,8,26.25,3.2
639,4,0,2,41.0,40대,3,0,5,사망,8,39.6875,3.6
640,3,1,2,26.44937882690476,20대,3,1,0,사망,8,16.1,2.8
641,3,1,2,20.0,10대,3,0,0,사망,8,7.8542,2.0
642,6,0,0,24.0,20대,1,0,0,생존,1,69.3,4.2
643,2,0,2,2.0,0대,3,3,2,사망,8,27.9,3.3
644,3,1,2,28.986241553854097,20대,3,0,0,생존,8,56.4958,4.0
645,2,0,0,0.75,0대,3,2,1,생존,8,19.2583,2.9
646,3,1,0,48.0,40대,1,1,0,생존,3,76.7292,4.3
647,3,1,2,19.0,10대,3,0,0,사망,8,7.8958,2.0
648,6,1,0,56.0,50대,1,0,0,생존,0,35.5,3.5
649,3,1,2,28.511760066358413,20대,3,0,0,사망,8,7.55,2.0
650,2,0,2,23.0,20대,3,0,0,생존,8,7.55,2.0
651,3,1,2,28.51511225793309,20대,3,0,0,사망,8,7.8958,2.0
652,2,0,2,18.0,10대,2,0,1,생존,8,23.0,3.1
653,3,1,2,21.0,20대,3,0,0,사망,8,8.4333,2.1
654,2,0,1,18.661024141775485,10대,3,0,0,생존,8,7.8292,2.0
655,2,0,1,18.0,10대,3,0,0,사망,8,6.75,1.8
656,3,1,2,24.0,20대,2,2,0,사망,8,73.5,4.3
657,3,1,2,28.51511225793309,20대,3,0,0,사망,8,7.8958,2.0
658,4,0,1,32.0,30대,3,1,1,사망,8,15.5,2.7
659,3,1,2,23.0,20대,2,0,0,사망,8,13.0,2.5
660,3,1,0,58.0,50대,1,0,2,사망,3,113.275,4.7
661,0,1,2,50.0,40대,1,2,0,생존,8,133.65,4.9
662,3,1,0,40.0,30대,3,0,0,사망,8,7.225,1.9
663,3,1,2,47.0,40대,1,0,0,사망,4,25.5875,3.2
664,3,1,2,36.0,30대,3,0,0,사망,8,7.4958,2.0
665,3,1,2,20.0,10대,3,1,0,생존,8,7.925,2.0
666,3,1,2,32.0,30대,2,2,0,사망,8,73.5,4.3
667,3,1,2,25.0,20대,2,0,0,사망,8,13.0,2.5
668,3,1,2,28.51394122050619,20대,3,0,0,사망,8,7.775,2.0
669,3,1,2,43.0,40대,3,0,0,사망,8,8.05,2.0
670,4,0,2,41.55745955410858,40대,1,1,0,생존,2,52.0,4.0
671,4,0,2,40.0,30대,2,1,1,생존,8,39.0,3.6
672,3,1,2,31.0,30대,1,1,0,사망,1,52.0,4.0
673,3,1,2,70.0,60대,2,0,0,사망,8,10.5,2.3
674,3,1,2,31.0,30대,2,0,0,생존,8,13.0,2.5
675,3,1,2,34.02086889343562,30대,2,0,0,사망,8,15.05,2.7
676,3,1,2,18.0,10대,3,0,0,사망,8,7.775,2.0
677,3,1,2,24.5,20대,3,0,0,사망,8,8.05,2.0
678,2,0,2,18.0,10대,3,0,0,생존,8,9.8417,2.3
679,4,0,2,43.0,40대,3,1,6,사망,8,46.9,3.8
680,3,1,0,36.0,30대,1,0,1,생존,1,512.3292,6.2
681,2,0,1,18.664012807658867,10대,3,0,0,사망,8,8.1375,2.1
682,3,1,0,27.0,20대,1,0,0,생존,3,76.7292,4.3
683,3,1,2,20.0,10대,3,0,0,사망,8,9.225,2.2
684,3,1,2,14.0,10대,3,5,2,사망,8,46.9,3.8
685,3,1,2,60.0,50대,2,1,1,사망,8,39.0,3.6
686,3,1,0,25.0,20대,2,1,2,사망,8,41.5792,3.7
687,3,1,2,14.0,10대,3,4,1,사망,8,39.6875,3.6
688,3,1,2,19.0,10대,3,0,0,사망,8,10.1708,2.3
689,3,1,2,18.0,10대,3,0,0,사망,8,7.7958,2.0
690,2,0,2,15.0,10대,1,0,1,생존,1,211.3375,5.3
691,3,1,2,31.0,30대,1,1,0,생존,1,57.0,4.0
692,2,0,0,4.0,0대,3,0,1,생존,8,13.4167,2.6
693,3,1,2,28.986241553854097,20대,3,0,0,생존,8,56.4958,4.0
694,3,1,0,25.0,20대,3,0,0,사망,8,7.225,1.9
695,6,1,2,60.0,50대,1,0,0,사망,8,26.55,3.3
696,3,1,2,52.0,50대,2,0,0,사망,8,13.5,2.6
697,3,1,2,44.0,40대,3,0,0,사망,8,8.05,2.0
698,2,0,1,18.66009448540761,10대,3,0,0,생존,8,7.7333,2.0
699,3,1,0,49.0,40대,1,1,1,사망,2,110.8833,4.6
700,3,1,2,42.0,40대,3,0,0,사망,5,7.65,2.0
701,4,0,0,18.0,10대,1,1,0,생존,2,227.525,5.4
702,3,1,2,35.0,30대,1,0,0,생존,4,26.2875,3.2
703,2,0,0,18.0,10대,3,0,1,사망,8,14.4542,2.6
704,3,1,1,25.0,20대,3,0,0,사망,8,7.7417,2.0
705,3,1,2,26.0,20대,3,1,0,사망,8,7.8542,2.0
706,3,1,2,39.0,30대,2,0,0,사망,8,26.0,3.2
707,4,0,2,45.0,40대,2,0,0,생존,8,13.5,2.6
708,3,1,2,42.0,40대,1,0,0,생존,4,26.2875,3.2
709,2,0,2,22.0,20대,1,0,0,생존,8,151.55,5.0
710,1,1,0,12.257091504247402,10대,3,1,1,생존,8,15.2458,2.7
711,6,0,0,24.0,20대,1,0,0,생존,2,49.5042,3.9
712,3,1,2,40.709741945943854,40대,1,0,0,사망,2,26.55,3.3
713,3,1,2,48.0,40대,1,1,0,생존,2,52.0,4.0
714,3,1,2,29.0,20대,3,0,0,사망,8,9.4833,2.2
715,3,1,2,52.0,50대,2,0,0,사망,8,13.0,2.5
716,3,1,2,19.0,10대,3,0,0,사망,5,7.65,2.0
717,2,0,0,38.0,30대,1,0,0,생존,2,227.525,5.4
718,2,0,2,27.0,20대,2,0,0,생존,4,10.5,2.3
719,3,1,1,27.7796819650958,20대,3,0,0,사망,8,15.5,2.7
720,3,1,2,33.0,30대,3,0,0,사망,8,7.775,2.0
721,2,0,2,6.0,0대,2,0,1,생존,8,33.0,3.4
722,3,1,2,17.0,10대,3,1,0,사망,8,7.0542,1.9
723,3,1,2,34.0,30대,2,0,0,사망,8,13.0,2.5
724,3,1,2,50.0,40대,2,0,0,사망,8,13.0,2.5
725,3,1,2,27.0,20대,1,1,0,생존,4,53.1,4.0
726,3,1,2,20.0,10대,3,0,0,사망,8,8.6625,2.1
727,4,0,2,30.0,20대,2,3,0,생존,8,21.0,3.0
728,2,0,1,18.660135200285033,10대,3,0,0,생존,8,7.7375,2.0
729,3,1,2,25.0,20대,2,1,0,사망,8,26.0,3.2
730,2,0,2,25.0,20대,3,1,0,사망,8,7.925,2.0
731,2,0,2,29.0,20대,1,0,0,생존,1,211.3375,5.3
732,3,1,0,11.0,10대,3,0,0,사망,8,18.7875,2.8
733,3,1,2,34.02086889343562,30대,2,0,0,사망,8,15.05,2.7
734,3,1,2,23.0,20대,2,0,0,사망,8,13.0,2.5
735,3,1,2,23.0,20대,2,0,0,사망,8,13.0,2.5
736,3,1,2,28.5,20대,3,0,0,사망,8,16.1,2.8
737,4,0,2,48.0,40대,3,1,3,사망,8,34.375,3.5
738,3,1,0,35.0,30대,1,0,0,생존,1,512.3292,6.2
739,3,1,2,28.51511225793309,20대,3,0,0,사망,8,7.8958,2.0
740,3,1,2,28.51511225793309,20대,3,0,0,사망,8,7.8958,2.0
741,3,1,2,40.55302161759441,40대,1,0,0,생존,3,30.0,3.4
742,3,1,2,36.0,30대,1,1,0,사망,2,78.85,4.3
743,2,0,0,21.0,20대,1,2,2,생존,1,262.375,5.6
744,3,1,2,24.0,20대,3,1,0,사망,8,16.1,2.8
745,3,1,2,31.0,30대,3,0,0,생존,8,7.925,2.0
746,6,1,2,70.0,60대,1,1,1,사망,1,71.0,4.2
747,3,1,2,16.0,10대,3,1,1,사망,8,20.25,2.9
748,2,0,2,30.0,20대,2,0,0,생존,8,13.0,2.5
749,3,1,2,19.0,10대,1,1,0,사망,3,53.1,4.0
750,3,1,1,31.0,30대,3,0,0,사망,8,7.75,2.0
751,2,0,2,4.0,0대,2,1,1,생존,8,23.0,3.1
752,1,1,2,6.0,0대,3,0,1,생존,4,12.475,2.5
753,3,1,2,33.0,30대,3,0,0,사망,8,9.5,2.2
754,3,1,2,23.0,20대,3,0,0,사망,8,7.8958,2.0
755,4,0,2,48.0,40대,2,1,2,생존,8,65.0,4.1
756,1,1,2,0.67,0대,2,1,1,생존,8,14.5,2.6
757,3,1,2,28.0,20대,3,0,0,사망,8,7.7958,2.0
758,3,1,2,18.0,10대,2,0,0,사망,8,11.5,2.4
759,3,1,2,34.0,30대,3,0,0,사망,8,8.05,2.0
760,6,0,2,33.0,30대,1,0,0,생존,1,86.5,4.5
761,3,1,2,28.579133494478803,20대,3,0,0,사망,8,14.5,2.6
762,3,1,2,41.0,40대,3,0,0,사망,8,7.125,1.9
763,3,1,0,20.0,10대,3,0,0,생존,8,7.2292,1.9
764,4,0,2,36.0,30대,1,1,2,생존,1,120.0,4.7
765,3,1,2,16.0,10대,3,0,0,사망,8,7.775,2.0
766,4,0,2,51.0,50대,1,1,0,생존,3,77.9583,4.3
767,0,1,0,20.391119315008225,20대,1,0,0,사망,8,39.6,3.6
768,2,0,1,30.5,30대,3,0,0,사망,8,7.75,2.0
769,3,1,1,25.71827012748561,20대,3,1,0,사망,8,24.15,3.1
770,3,1,2,32.0,30대,3,0,0,사망,8,8.3625,2.1
771,3,1,2,24.0,20대,3,0,0,사망,8,9.5,2.2
772,3,1,2,48.0,40대,3,0,0,사망,8,7.8542,2.0
773,4,0,2,57.0,50대,2,0,0,사망,4,10.5,2.3
774,3,1,0,26.890318414731993,20대,3,0,0,사망,8,7.225,1.9
775,4,0,2,54.0,50대,2,1,3,생존,8,23.0,3.1
776,3,1,2,18.0,10대,3,0,0,사망,8,7.75,2.0
777,3,1,1,28.27504739807408,20대,3,0,0,사망,5,7.75,2.0
778,2,0,2,5.0,0대,3,0,0,생존,8,12.475,2.5
779,3,1,1,27.704432146997306,20대,3,0,0,사망,8,7.7375,2.0
780,4,0,2,43.0,40대,1,0,1,생존,1,211.3375,5.3
781,2,0,0,13.0,10대,3,0,0,생존,8,7.2292,1.9
782,4,0,2,17.0,10대,1,1,0,생존,1,57.0,4.0
783,3,1,2,29.0,20대,1,0,0,사망,3,30.0,3.4
784,3,1,2,24.970332435020488,20대,3,1,2,사망,8,23.45,3.1
785,3,1,2,25.0,20대,3,0,0,사망,8,7.05,1.9
786,3,1,2,25.0,20대,3,0,0,사망,8,7.25,1.9
787,2,0,2,18.0,10대,3,0,0,생존,8,7.4958,2.0
788,1,1,1,8.0,0대,3,4,1,사망,8,29.125,3.4
789,1,1,2,1.0,0대,3,1,2,생존,8,20.575,3.0
790,3,1,0,46.0,40대,1,0,0,사망,1,79.2,4.3
791,3,1,1,27.70455332222774,20대,3,0,0,사망,8,7.75,2.0
792,3,1,2,16.0,10대,2,0,0,사망,8,26.0,3.2
793,2,0,2,1.356074058657061,0대,3,8,2,사망,8,69.55,4.2
794,3,1,0,37.99065216024212,30대,1,0,0,사망,8,30.6958,3.4
795,3,1,2,25.0,20대,3,0,0,사망,8,7.8958,2.0
796,3,1,2,39.0,30대,2,0,0,사망,8,13.0,2.5
797,0,0,2,49.0,40대,1,0,0,생존,3,25.9292,3.2
798,4,0,2,31.0,30대,3,0,0,생존,8,8.6833,2.1
799,3,1,0,30.0,20대,3,0,0,사망,8,7.2292,1.9
800,4,0,2,30.0,20대,3,1,1,사망,8,24.15,3.1
801,3,1,2,34.0,30대,2,0,0,사망,8,13.0,2.5
802,4,0,2,31.0,30대,2,1,1,생존,8,26.25,3.2
803,1,1,2,11.0,10대,1,1,2,생존,1,120.0,4.7
804,1,1,0,0.42,0대,3,0,1,생존,8,8.5167,2.1
805,3,1,2,27.0,20대,3,0,0,생존,8,6.975,1.9
806,3,1,2,31.0,30대,3,0,0,사망,8,7.775,2.0
807,3,1,2,39.0,30대,1,0,0,사망,0,61.3792,4.0
808,2,0,2,18.0,10대,3,0,0,사망,8,7.775,2.0
809,3,1,2,39.0,30대,2,0,0,사망,8,13.0,2.5
810,4,0,2,33.0,30대,1,1,0,생존,4,53.1,4.0
811,3,1,2,26.0,20대,3,0,0,사망,8,7.8875,2.0
812,3,1,2,39.0,30대,3,0,0,사망,8,24.15,3.1
813,3,1,2,35.0,30대,2,0,0,사망,8,10.5,2.3
814,2,0,2,6.0,0대,3,4,2,사망,8,31.275,3.4
815,3,1,2,30.5,30대,3,0,0,사망,8,8.05,2.0
816,3,1,2,41.237541544754606,40대,1,0,0,사망,1,61.3792,4.0
817,2,0,2,23.0,20대,3,0,0,사망,8,7.925,2.0
818,3,1,0,31.0,30대,2,1,1,사망,8,37.0042,3.5
819,3,1,2,43.0,40대,3,0,0,사망,8,6.45,1.8
820,1,1,2,10.0,0대,3,3,2,사망,8,27.9,3.3
821,4,0,2,52.0,50대,1,1,1,생존,1,93.5,4.5
822,3,1,2,27.0,20대,3,0,0,생존,8,8.6625,2.1
823,6,1,2,38.0,30대,1,0,0,사망,8,61.3792,4.0
824,4,0,2,27.0,20대,3,0,1,생존,4,12.475,2.5
825,1,1,2,2.0,0대,3,4,1,사망,8,39.6875,3.6
826,3,1,1,27.69679810748007,20대,3,0,0,사망,8,6.95,1.9
827,3,1,2,28.986241553854097,20대,3,0,0,사망,8,56.4958,4.0
828,1,1,0,1.0,0대,2,0,2,생존,8,37.0042,3.5
829,3,1,1,27.70455332222774,20대,3,0,0,생존,8,7.75,2.0
830,4,0,2,62.0,60대,1,0,0,생존,1,80.0,4.4
831,4,0,0,15.0,10대,3,1,0,생존,8,14.4542,2.6
832,1,1,2,0.83,0대,2,1,1,생존,8,18.75,2.8
833,3,1,0,26.89035912960942,20대,3,0,0,사망,8,7.2292,1.9
834,3,1,2,23.0,20대,3,0,0,사망,8,7.8542,2.0
835,3,1,2,18.0,10대,3,0,0,사망,8,8.3,2.1
836,2,0,0,39.0,30대,1,1,1,생존,4,83.1583,4.4
837,3,1,2,21.0,20대,3,0,0,사망,8,8.6625,2.1
838,3,1,2,28.516607075575706,20대,3,0,0,사망,8,8.05,2.0
839,3,1,2,32.0,30대,3,0,0,생존,8,56.4958,4.0
840,3,1,0,39.12198700837763,30대,1,0,0,생존,2,29.7,3.4
841,3,1,2,20.0,10대,3,0,0,사망,8,7.925,2.0
842,3,1,2,16.0,10대,2,0,0,사망,8,10.5,2.3
843,2,0,0,30.0,20대,1,0,0,생존,8,31.0,3.4
844,3,1,0,34.5,30대,3,0,0,사망,8,6.4375,1.8
845,3,1,2,17.0,10대,3,0,0,사망,8,8.6625,2.1
846,3,1,2,42.0,40대,3,0,0,사망,8,7.55,2.0
847,3,1,2,10.400371005369339,10대,3,8,2,사망,8,69.55,4.2
848,3,1,0,35.0,30대,3,0,0,사망,8,7.8958,2.0
849,5,1,2,28.0,20대,2,0,1,사망,8,33.0,3.4
850,4,0,0,40.298857257274065,40대,1,1,0,생존,2,89.1042,4.5
851,1,1,2,4.0,0대,3,4,2,사망,8,31.275,3.4
852,3,1,2,74.0,70대,3,0,0,사망,8,7.775,2.0
853,2,0,0,9.0,0대,3,1,1,사망,8,15.2458,2.7
854,2,0,2,16.0,10대,1,0,1,생존,3,39.4,3.6
855,4,0,2,44.0,40대,2,1,0,사망,8,26.0,3.2
856,4,0,2,18.0,10대,3,0,1,생존,8,9.35,2.2
857,4,0,2,45.0,40대,1,1,1,생존,8,164.8667,5.1
858,3,1,2,51.0,50대,1,0,0,생존,4,26.55,3.3
859,4,0,0,24.0,20대,3,0,3,생존,8,19.2583,2.9
860,3,1,0,26.89035912960942,20대,3,0,0,사망,8,7.2292,1.9
861,3,1,2,41.0,40대,3,2,0,사망,8,14.1083,2.6
862,3,1,2,21.0,20대,2,1,0,사망,8,11.5,2.4
863,4,0,2,48.0,40대,1,0,0,생존,3,25.9292,3.2
864,2,0,2,1.356074058657061,0대,3,8,2,사망,8,69.55,4.2
865,3,1,2,24.0,20대,2,0,0,사망,8,13.0,2.5
866,4,0,2,42.0,40대,2,0,0,생존,8,13.0,2.5
867,2,0,0,27.0,20대,2,1,0,생존,8,13.8583,2.6
868,3,1,2,31.0,30대,1,0,0,사망,0,50.4958,3.9
869,3,1,2,28.53066340230586,20대,3,0,0,사망,8,9.5,2.2
870,1,1,2,4.0,0대,3,1,1,생존,8,11.1333,2.3
871,3,1,2,26.0,20대,3,0,0,사망,8,7.8958,2.0
872,4,0,2,47.0,40대,1,1,1,생존,3,52.5542,4.0
873,3,1,2,33.0,30대,1,0,0,사망,1,5.0,1.6
874,3,1,2,47.0,40대,3,0,0,사망,8,9.0,2.2
875,4,0,0,28.0,20대,2,1,0,생존,8,24.0,3.1
876,2,0,0,15.0,10대,3,0,0,생존,8,7.225,1.9
877,3,1,2,20.0,10대,3,0,0,사망,8,9.8458,2.3
878,3,1,2,19.0,10대,3,0,0,사망,8,7.8958,2.0
879,3,1,2,28.51511225793309,20대,3,0,0,사망,8,7.8958,2.0
880,4,0,0,56.0,50대,1,0,1,생존,2,83.1583,4.4
881,4,0,2,25.0,20대,2,0,1,생존,8,26.0,3.2
882,3,1,2,33.0,30대,3,0,0,사망,8,7.8958,2.0
883,2,0,2,22.0,20대,3,0,0,사망,8,10.5167,2.3
884,3,1,2,28.0,20대,2,0,0,사망,8,10.5,2.3
885,3,1,2,25.0,20대,3,0,0,사망,8,7.05,1.9
886,4,0,1,39.0,30대,3,0,5,사망,8,29.125,3.4
887,5,1,2,27.0,20대,2,0,0,사망,8,13.0,2.5
888,2,0,2,19.0,10대,1,0,0,생존,1,30.0,3.4
889,2,0,2,15.926035488308212,10대,3,1,2,사망,8,23.45,3.1
890,3,1,0,26.0,20대,1,0,0,생존,2,30.0,3.4
891,3,1,1,32.0,30대,3,0,0,사망,8,7.75,2.0
892,3,1,1,34.5,30대,3,0,0,,8,7.8292,2.0
893,4,0,2,47.0,40대,3,1,0,,8,7.0,1.9
894,3,1,1,62.0,60대,2,0,0,,8,9.6875,2.3
895,3,1,2,27.0,20대,3,0,0,,8,8.6625,2.1
896,4,0,2,22.0,20대,3,1,1,,8,12.2875,2.4
897,3,1,2,14.0,10대,3,0,0,,8,9.225,2.2
898,2,0,1,30.0,20대,3,0,0,,8,7.6292,2.0
899,3,1,2,26.0,20대,2,1,1,,8,29.0,3.4
900,4,0,0,18.0,10대,3,0,0,,8,7.2292,1.9
901,3,1,2,21.0,20대,3,2,0,,8,24.15,3.1
902,3,1,2,28.51511225793309,20대,3,0,0,,8,7.8958,2.0
903,3,1,2,46.0,40대,1,0,0,,8,26.0,3.2
904,4,0,2,23.0,20대,1,1,0,,1,82.2667,4.4
905,3,1,2,63.0,60대,2,1,0,,8,26.0,3.2
906,4,0,2,47.0,40대,1,1,0,,4,61.175,4.0
907,4,0,0,24.0,20대,2,1,0,,8,27.7208,3.3
908,3,1,1,35.0,30대,2,0,0,,8,12.35,2.5
909,3,1,0,21.0,20대,3,0,0,,8,7.225,1.9
910,2,0,2,27.0,20대,3,1,0,,8,7.925,2.0
911,4,0,0,45.0,40대,3,0,0,,8,7.225,1.9
912,3,1,0,55.0,50대,1,1,0,,8,59.4,4.0
913,1,1,2,9.0,0대,3,0,1,,8,3.1708,1.2
914,4,0,2,42.36478603515528,40대,1,0,0,,8,31.6833,3.4
915,3,1,0,21.0,20대,1,0,1,,8,61.3792,4.0
916,4,0,0,48.0,40대,1,1,3,,1,262.375,5.6
917,3,1,2,50.0,40대,3,1,0,,8,14.5,2.6
918,2,0,0,22.0,20대,1,0,1,,1,61.9792,4.1
919,3,1,0,22.5,20대,3,0,0,,8,7.225,1.9
920,3,1,2,41.0,40대,1,0,0,,0,30.5,3.4
921,3,1,0,22.739907501850457,20대,3,2,0,,8,21.6792,3.0
922,3,1,2,50.0,40대,2,1,0,,8,26.0,3.2
923,3,1,2,24.0,20대,2,2,0,,8,31.5,3.4
924,4,0,2,33.0,30대,3,1,2,,8,20.575,3.0
925,4,0,2,27.716602371094318,20대,3,1,2,,8,23.45,3.1
926,3,1,0,30.0,20대,1,1,0,,2,57.75,4.0
927,3,1,0,18.5,10대,3,0,0,,8,7.2292,1.9
928,2,0,2,19.47231012886343,10대,3,0,0,,8,8.05,2.0
929,2,0,2,21.0,20대,3,0,0,,8,8.6625,2.1
930,3,1,2,25.0,20대,3,0,0,,8,9.5,2.2
931,3,1,2,28.986241553854097,20대,3,0,0,,8,56.4958,4.0
932,3,1,0,39.0,30대,3,0,1,,8,13.4167,2.6
933,3,1,2,40.51957725399508,40대,1,0,0,,3,26.55,3.3
934,3,1,2,41.0,40대,3,0,0,,8,7.85,2.0
935,4,0,2,30.0,20대,2,0,0,,8,13.0,2.5
936,4,0,2,45.0,40대,1,1,0,,3,52.5542,4.0
937,3,1,2,25.0,20대,3,0,0,,8,7.925,2.0
938,3,1,0,45.0,40대,1,0,0,,0,29.7,3.4
939,3,1,1,27.70455332222774,20대,3,0,0,,8,7.75,2.0
940,4,0,0,60.0,50대,1,0,0,,3,76.2917,4.3
941,4,0,2,36.0,30대,3,0,2,,8,15.9,2.8
942,3,1,2,24.0,20대,1,1,0,,2,60.0,4.0
943,3,1,0,27.0,20대,2,0,0,,8,15.0333,2.7
944,2,0,2,20.0,10대,2,2,1,,8,23.0,3.1
945,2,0,2,28.0,20대,1,3,2,,2,263.0,5.6
946,3,1,0,32.40770787235603,30대,2,0,0,,8,15.5792,2.7
947,1,1,1,10.0,0대,3,4,1,,8,29.125,3.4
948,3,1,2,35.0,30대,3,0,0,,8,7.8958,2.0
949,3,1,2,25.0,20대,3,0,0,,5,7.65,2.0
950,3,1,2,26.44937882690476,20대,3,1,0,,8,16.1,2.8
951,2,0,0,36.0,30대,1,0,0,,1,262.375,5.6
952,3,1,2,17.0,10대,3,0,0,,8,7.8958,2.0
953,3,1,2,32.0,30대,2,0,0,,8,13.5,2.6
954,3,1,2,18.0,10대,3,0,0,,8,7.75,2.0
955,2,0,1,22.0,20대,3,0,0,,8,7.725,2.0
956,1,1,0,13.0,10대,1,2,2,,1,262.375,5.6
957,4,0,2,36.82481823919525,30대,2,0,0,,8,21.0,3.0
958,2,0,1,18.0,10대,3,0,0,,8,7.8792,2.0
959,3,1,2,47.0,40대,1,0,0,,8,42.4,3.7
960,3,1,0,31.0,30대,1,0,0,,2,28.5375,3.3
961,4,0,2,60.0,50대,1,1,4,,2,263.0,5.6
962,2,0,1,24.0,20대,3,0,0,,8,7.75,2.0
963,3,1,2,21.0,20대,3,0,0,,8,7.8958,2.0
964,2,0,2,29.0,20대,3,0,0,,8,7.925,2.0
965,3,1,0,28.5,20대,1,0,0,,3,27.7208,3.3
966,2,0,0,35.0,30대,1,0,0,,2,211.5,5.3
967,3,1,0,32.5,30대,1,0,0,,2,211.5,5.3
968,3,1,2,28.516607075575706,20대,3,0,0,,8,8.05,2.0
969,4,0,2,55.0,50대,1,2,0,,2,25.7,3.2
970,3,1,2,30.0,20대,2,0,0,,8,13.0,2.5
971,2,0,1,24.0,20대,3,0,0,,8,7.75,2.0
972,1,1,0,6.0,0대,3,1,1,,8,15.2458,2.7
973,3,1,2,67.0,60대,1,1,0,,2,221.7792,5.4
974,3,1,2,49.0,40대,1,0,0,,8,26.0,3.2
975,3,1,2,28.51511225793309,20대,3,0,0,,8,7.8958,2.0
976,3,1,1,33.16963482578058,30대,2,0,0,,8,10.7083,2.3
977,3,1,0,24.815133315729938,20대,3,1,0,,8,14.4542,2.6
978,2,0,1,27.0,20대,3,0,0,,8,7.8792,2.0
979,2,0,2,18.0,10대,3,0,0,,8,8.05,2.0
980,6,0,1,42.24139014108768,40대,3,0,0,,8,7.75,2.0
981,1,1,2,2.0,0대,2,1,1,,8,23.0,3.1
982,4,0,2,22.0,20대,3,1,0,,8,13.9,2.6
983,3,1,2,28.51394122050619,20대,3,0,0,,8,7.775,2.0
984,4,0,2,27.0,20대,1,1,2,,1,52.0,4.0
985,3,1,2,28.516607075575706,20대,3,0,0,,8,8.05,2.0
986,3,1,0,25.0,20대,1,0,0,,8,26.0,3.2
987,3,1,2,25.0,20대,3,0,0,,8,7.7958,2.0
988,4,0,2,76.0,70대,1,1,0,,2,78.85,4.3
989,3,1,2,29.0,20대,3,0,0,,8,7.925,2.0
990,2,0,2,20.0,10대,3,0,0,,8,7.8542,2.0
991,3,1,2,33.0,30대,3,0,0,,8,8.05,2.0
992,4,0,0,43.0,40대,1,1,0,,2,55.4417,4.0
993,3,1,2,27.0,20대,2,1,0,,8,26.0,3.2
994,3,1,1,27.70455332222774,20대,3,0,0,,8,7.75,2.0
995,3,1,2,26.0,20대,3,0,0,,8,7.775,2.0
996,4,0,0,16.0,10대,3,1,1,,8,8.5167,2.1
997,3,1,2,28.0,20대,3,0,0,,8,22.525,3.1
998,3,1,1,21.0,20대,3,0,0,,8,7.8208,2.0
999,3,1,1,27.70455332222774,20대,3,0,0,,8,7.75,2.0
1000,3,1,2,28.52302936278862,20대,3,0,0,,8,8.7125,2.1
1001,3,1,2,18.5,10대,2,0,0,,5,13.0,2.5
1002,3,1,0,41.0,40대,2,0,0,,8,15.0458,2.7
1003,2,0,1,18.660539440853753,10대,3,0,0,,8,7.7792,2.0
1004,2,0,0,36.0,30대,1,0,0,,0,31.6792,3.4
1005,2,0,1,18.5,10대,3,0,0,,8,7.2833,1.9
1006,4,0,2,63.0,60대,1,1,0,,2,221.7792,5.4
1007,3,1,0,18.0,10대,3,1,0,,8,14.4542,2.6
1008,3,1,0,26.882684375214755,20대,3,0,0,,8,6.4375,1.8
1009,2,0,2,1.0,0대,3,1,1,,6,16.7,2.8
1010,3,1,0,36.0,30대,1,0,0,,2,75.2417,4.3
1011,4,0,2,29.0,20대,2,1,0,,8,26.0,3.2
1012,2,0,2,12.0,10대,2,0,0,,8,15.75,2.7
1013,3,1,1,25.559288225158355,20대,3,1,0,,8,7.75,2.0
1014,4,0,0,35.0,30대,1,1,0,,2,57.75,4.0
1015,3,1,2,28.0,20대,3,0,0,,8,7.25,1.9
1016,3,1,1,27.70455332222774,20대,3,0,0,,8,7.75,2.0
1017,2,0,2,17.0,10대,3,0,1,,8,16.1,2.8
1018,3,1,2,22.0,20대,3,0,0,,8,7.7958,2.0
1019,2,0,1,14.51998346711282,10대,3,2,0,,8,23.25,3.1
1020,3,1,2,42.0,40대,2,0,0,,8,13.0,2.5
1021,3,1,2,24.0,20대,3,0,0,,8,8.05,2.0
1022,3,1,2,32.0,30대,3,0,0,,8,8.05,2.0
1023,6,1,0,53.0,50대,1,0,0,,2,28.5,3.3
1024,4,0,2,28.331119967762234,20대,3,0,4,,8,25.4667,3.2
1025,3,1,0,24.73741927814537,20대,3,1,0,,8,6.4375,1.8
1026,3,1,2,43.0,40대,3,0,0,,8,7.8958,2.0
1027,3,1,2,24.0,20대,3,0,0,,8,7.8542,2.0
1028,3,1,0,26.5,20대,3,0,0,,8,7.225,1.9
1029,3,1,2,26.0,20대,2,0,0,,8,13.0,2.5
1030,2,0,2,23.0,20대,3,0,0,,8,8.05,2.0
1031,3,1,2,40.0,30대,3,1,6,,8,46.9,3.8
1032,2,0,2,10.0,0대,3,5,2,,8,46.9,3.8
1033,2,0,2,33.0,30대,1,0,0,,8,151.55,5.0
1034,3,1,0,61.0,60대,1,1,3,,1,262.375,5.6
1035,3,1,2,28.0,20대,2,0,0,,8,26.0,3.2
1036,3,1,2,42.0,40대,1,0,0,,8,26.55,3.3
1037,3,1,2,31.0,30대,3,3,0,,8,18.0,2.8
1038,3,1,2,40.57479240367182,40대,1,0,0,,4,51.8625,3.9
1039,3,1,2,22.0,20대,3,0,0,,8,8.05,2.0
1040,3,1,2,39.56875379425118,30대,1,0,0,,8,26.55,3.3
1041,5,1,2,30.0,20대,2,1,1,,8,26.0,3.2
1042,4,0,0,23.0,20대,1,0,1,,2,83.1583,4.4
1043,3,1,0,26.896821162297915,20대,3,0,0,,8,7.8958,2.0
1044,3,1,2,60.5,60대,3,0,0,,8,8.05,2.0
1045,4,0,2,36.0,30대,3,0,2,,8,12.1833,2.4
1046,1,1,2,13.0,10대,3,4,2,,8,31.3875,3.4
1047,3,1,2,24.0,20대,3,0,0,,8,7.55,2.0
1048,2,0,2,29.0,20대,1,0,0,,2,221.7792,5.4
1049,2,0,2,23.0,20대,3,0,0,,8,7.8542,2.0
1050,3,1,2,42.0,40대,1,0,0,,3,26.55,3.3
1051,4,0,2,26.0,20대,3,0,2,,8,13.775,2.6
1052,2,0,1,18.66009448540761,10대,3,0,0,,8,7.7333,2.0
1053,1,1,0,7.0,0대,3,1,1,,8,15.2458,2.7
1054,2,0,2,26.0,20대,2,0,0,,8,13.5,2.6
1055,3,1,2,28.506428356219388,20대,3,0,0,,8,7.0,1.9
1056,5,1,2,41.0,40대,2,0,0,,8,13.0,2.5
1057,4,0,2,26.0,20대,3,1,1,,8,22.025,3.0
1058,3,1,0,48.0,40대,1,0,0,,1,50.4958,3.9
1059,3,1,2,18.0,10대,3,2,2,,8,34.375,3.5
1060,4,0,0,40.70808239147305,40대,1,0,0,,8,27.7208,3.3
1061,2,0,2,22.0,20대,3,0,0,,8,8.9625,2.2
1062,3,1,2,28.511760066358413,20대,3,0,0,,8,7.55,2.0
1063,3,1,0,27.0,20대,3,0,0,,8,7.225,1.9
1064,3,1,2,23.0,20대,3,1,0,,8,13.9,2.6
1065,3,1,0,26.89035912960942,20대,3,0,0,,8,7.2292,1.9
1066,3,1,2,40.0,30대,3,1,5,,8,31.3875,3.4
1067,2,0,2,15.0,10대,2,0,2,,8,39.0,3.6
1068,2,0,2,20.0,10대,2,0,0,,8,36.75,3.5
1069,3,1,0,54.0,50대,1,1,0,,2,55.4417,4.0
1070,4,0,2,36.0,30대,2,0,3,,5,39.0,3.6
1071,4,0,0,64.0,60대,1,0,2,,4,83.1583,4.4
1072,3,1,2,30.0,20대,2,0,0,,8,13.0,2.5
1073,3,1,0,37.0,30대,1,1,1,,4,83.1583,4.4
1074,4,0,2,18.0,10대,1,1,0,,3,53.1,4.0
1075,3,1,1,27.70455332222774,20대,3,0,0,,8,7.75,2.0
1076,4,0,0,27.0,20대,1,1,1,,1,247.5208,5.5
1077,3,1,2,40.0,30대,2,0,0,,8,16.0,2.8
1078,2,0,2,21.0,20대,2,0,1,,8,21.0,3.0
1079,3,1,2,17.0,10대,3,2,0,,8,8.05,2.0
1080,2,0,2,1.356074058657061,0대,3,8,2,,8,69.55,4.2
1081,3,1,2,40.0,30대,2,0,0,,8,13.0,2.5
1082,3,1,2,34.0,30대,2,1,0,,8,26.0,3.2
1083,3,1,2,39.563422084112155,30대,1,0,0,,8,26.0,3.2
1084,1,1,2,11.5,10대,3,1,1,,8,14.5,2.6
1085,3,1,1,61.0,60대,2,0,0,,8,12.35,2.5
1086,1,1,2,8.0,0대,2,0,2,,8,32.5,3.4
1087,3,1,2,33.0,30대,3,0,0,,8,7.8542,2.0
1088,1,1,0,6.0,0대,1,0,2,,4,134.5,4.9
1089,2,0,2,18.0,10대,3,0,0,,8,7.775,2.0
1090,3,1,2,23.0,20대,2,0,0,,8,10.5,2.3
1091,4,0,2,31.263482887801697,30대,3,0,0,,8,8.1125,2.1
1092,2,0,1,18.735385018383525,10대,3,0,0,,8,15.5,2.7
1093,1,1,2,0.33,0대,3,0,2,,8,14.4,2.6
1094,6,1,0,47.0,40대,1,1,0,,2,227.525,5.4
1095,2,0,2,8.0,0대,2,1,1,,8,26.0,3.2
1096,3,1,2,25.0,20대,2,0,0,,8,10.5,2.3
1097,3,1,0,37.94262702351533,30대,1,0,0,,8,25.7417,3.2
1098,2,0,1,35.0,30대,3,0,0,,8,7.75,2.0
1099,3,1,2,24.0,20대,2,0,0,,8,10.5,2.3
1100,2,0,0,33.0,30대,1,0,0,,0,27.7208,3.3
1101,3,1,2,25.0,20대,3,0,0,,8,7.8958,2.0
1102,3,1,2,32.0,30대,3,0,0,,8,22.525,3.1
1103,3,1,2,28.506913057141116,20대,3,0,0,,8,7.05,1.9
1104,3,1,2,17.0,10대,2,0,0,,8,73.5,4.3
1105,4,0,2,60.0,50대,2,1,0,,8,26.0,3.2
1106,2,0,2,38.0,30대,3,4,2,,8,7.775,2.0
1107,3,1,2,42.0,40대,1,0,0,,1,42.5,3.7
1108,2,0,1,18.661508842697213,10대,3,0,0,,8,7.8792,2.0
1109,3,1,2,57.0,50대,1,1,1,,8,164.8667,5.1
1110,4,0,0,50.0,40대,1,1,1,,2,211.5,5.3
1111,3,1,2,28.516607075575706,20대,3,0,0,,8,8.05,2.0
1112,2,0,0,30.0,20대,2,1,0,,8,13.8583,2.6
1113,3,1,2,21.0,20대,3,0,0,,8,8.05,2.0
1114,4,0,2,22.0,20대,2,0,0,,5,10.5,2.3
1115,3,1,2,21.0,20대,3,0,0,,8,7.7958,2.0
1116,4,0,0,53.0,50대,1,0,0,,8,27.4458,3.3
1117,4,0,0,28.164044706487473,20대,3,0,2,,8,15.2458,2.7
1118,3,1,2,23.0,20대,3,0,0,,8,7.7958,2.0
1119,2,0,1,18.660256375515466,10대,3,0,0,,8,7.75,2.0
1120,3,1,2,40.5,40대,3,0,0,,8,15.1,2.7
1121,3,1,2,36.0,30대,2,0,0,,8,13.0,2.5
1122,3,1,2,14.0,10대,2,0,0,,8,65.0,4.1
1123,2,0,2,21.0,20대,1,0,0,,8,26.55,3.3
1124,3,1,2,21.0,20대,3,1,0,,8,6.4958,1.8
1125,3,1,1,27.70580578940949,20대,3,0,0,,8,7.8792,2.0
1126,3,1,0,39.0,30대,1,1,0,,2,71.2833,4.2
1127,3,1,2,20.0,10대,3,0,0,,8,7.8542,2.0
1128,3,1,0,64.0,60대,1,1,0,,3,75.25,4.3
1129,3,1,0,20.0,10대,3,0,0,,8,7.225,1.9
1130,2,0,2,18.0,10대,2,1,1,,8,13.0,2.5
1131,4,0,0,48.0,40대,1,1,0,,2,106.425,4.6
1132,4,0,0,55.0,50대,1,0,0,,8,27.7208,3.3
1133,4,0,2,45.0,40대,2,0,2,,8,30.0,3.4
1134,3,1,0,45.0,40대,1,1,1,,4,134.5,4.9
1135,3,1,2,28.515031797580086,20대,3,0,0,,8,7.8875,2.0
1136,1,1,2,13.179765552234382,10대,3,1,2,,8,23.45,3.1
1137,3,1,2,41.0,40대,1,1,0,,3,51.8625,3.9
1138,4,0,2,22.0,20대,2,0,0,,8,21.0,3.0
1139,3,1,2,42.0,40대,2,1,1,,8,32.5,3.4
1140,4,0,2,29.0,20대,2,1,0,,8,26.0,3.2
1141,4,0,0,27.561403251803767,20대,3,1,0,,8,14.4542,2.6
1142,2,0,2,0.92,0대,2,1,2,,8,27.75,3.3
1143,3,1,2,20.0,10대,3,0,0,,8,7.925,2.0
1144,3,1,0,27.0,20대,1,1,0,,2,136.7792,4.9
1145,3,1,2,24.0,20대,3,0,0,,8,9.325,2.2
1146,3,1,2,32.5,30대,3,0,0,,8,9.5,2.2
1147,3,1,2,28.511760066358413,20대,3,0,0,,8,7.55,2.0
1148,3,1,1,27.70455332222774,20대,3,0,0,,8,7.75,2.0
1149,3,1,2,28.0,20대,3,0,0,,8,8.05,2.0
1150,2,0,2,19.0,10대,2,0,0,,8,13.0,2.5
1151,3,1,2,21.0,20대,3,0,0,,8,7.775,2.0
1152,3,1,2,36.5,30대,3,1,0,,8,17.4,2.8
1153,3,1,2,21.0,20대,3,0,0,,8,7.8542,2.0
1154,4,0,2,29.0,20대,2,0,2,,8,23.0,3.1
1155,2,0,2,1.0,0대,3,1,1,,8,12.1833,2.4
1156,3,1,0,30.0,20대,2,0,0,,8,12.7375,2.5
1157,3,1,2,28.51511225793309,20대,3,0,0,,8,7.8958,2.0
1158,3,1,2,39.90638870111315,30대,1,0,0,,8,61.3792,4.0
1159,3,1,2,28.511760066358413,20대,3,0,0,,8,7.55,2.0
1160,2,0,2,19.47231012886343,10대,3,0,0,,8,8.05,2.0
1161,3,1,2,17.0,10대,3,0,0,,8,8.6625,2.1
1162,3,1,0,46.0,40대,1,0,0,,2,75.2417,4.3
1163,3,1,1,27.70455332222774,20대,3,0,0,,8,7.75,2.0
1164,4,0,0,26.0,20대,1,1,0,,2,136.7792,4.9
1165,2,0,1,16.590119921314145,10대,3,1,0,,8,15.5,2.7
1166,3,1,0,26.890318414731993,20대,3,0,0,,8,7.225,1.9
1167,2,0,2,20.0,10대,2,1,0,,8,26.0,3.2
1168,3,1,2,28.0,20대,2,0,0,,8,10.5,2.3
1169,3,1,2,40.0,30대,2,1,0,,8,26.0,3.2
1170,3,1,2,30.0,20대,2,1,0,,8,21.0,3.0
1171,3,1,2,22.0,20대,2,0,0,,8,10.5,2.3
1172,2,0,2,23.0,20대,3,0,0,,8,8.6625,2.1
1173,1,1,2,0.75,0대,3,1,1,,8,13.775,2.6
1174,2,0,1,18.660256375515466,10대,3,0,0,,8,7.75,2.0
1175,2,0,0,9.0,0대,3,1,1,,8,15.2458,2.7
1176,2,0,2,2.0,0대,3,1,1,,8,20.2125,2.9
1177,3,1,2,36.0,30대,3,0,0,,8,7.25,1.9
1178,3,1,2,28.50885186082803,20대,3,0,0,,8,7.25,1.9
1179,3,1,2,24.0,20대,1,1,0,,1,82.2667,4.4
1180,3,1,0,27.460853205455756,20대,3,0,0,,5,7.2292,1.9
1181,3,1,2,28.516607075575706,20대,3,0,0,,8,8.05,2.0
1182,3,1,2,39.69526073482256,30대,1,0,0,,8,39.6,3.6
1183,2,0,1,30.0,20대,3,0,0,,8,6.95,1.9
1184,3,1,0,26.89035912960942,20대,3,0,0,,8,7.2292,1.9
1185,0,1,2,53.0,50대,1,1,1,,0,81.8583,4.4
1186,3,1,2,36.0,30대,3,0,0,,8,9.5,2.2
1187,3,1,2,26.0,20대,3,0,0,,8,7.8958,2.0
1188,2,0,0,1.0,0대,2,1,2,,8,41.5792,3.7
1189,3,1,0,22.739907501850457,20대,3,2,0,,8,21.6792,3.0
1190,3,1,2,30.0,20대,1,0,0,,8,45.5,3.8
1191,3,1,2,29.0,20대,3,0,0,,8,7.8542,2.0
1192,3,1,2,32.0,30대,3,0,0,,8,7.775,2.0
1193,3,1,0,33.35336054266691,30대,2,0,0,,3,15.0458,2.7
1194,3,1,2,43.0,40대,2,0,1,,8,21.0,3.0
1195,3,1,2,24.0,20대,3,0,0,,8,8.6625,2.1
1196,2,0,1,18.660256375515466,10대,3,0,0,,8,7.75,2.0
1197,4,0,2,64.0,60대,1,1,1,,1,26.55,3.3
1198,3,1,2,30.0,20대,1,1,2,,2,151.55,5.0
1199,1,1,2,0.83,0대,3,0,1,,8,9.35,2.2
1200,3,1,2,55.0,50대,1,1,1,,1,93.5,4.5
1201,4,0,2,45.0,40대,3,1,0,,8,14.1083,2.6
1202,3,1,2,18.0,10대,3,0,0,,8,8.6625,2.1
1203,3,1,0,22.0,20대,3,0,0,,8,7.225,1.9
1204,3,1,2,28.512002416819275,20대,3,0,0,,8,7.575,2.0
1205,2,0,1,37.0,30대,3,0,0,,8,7.75,2.0
1206,4,0,0,55.0,50대,1,0,0,,2,135.6333,4.9
1207,2,0,1,17.0,10대,3,0,0,,8,7.7333,2.0
1208,3,1,0,57.0,50대,1,1,0,,1,146.5208,5.0
1209,3,1,2,19.0,10대,2,0,0,,8,10.5,2.3
1210,3,1,2,27.0,20대,3,0,0,,8,7.8542,2.0
1211,3,1,2,22.0,20대,2,2,0,,8,31.5,3.4
1212,3,1,2,26.0,20대,3,0,0,,8,7.775,2.0
1213,3,1,0,25.0,20대,3,0,0,,5,7.2292,1.9
1214,3,1,2,26.0,20대,2,0,0,,5,13.0,2.5
1215,3,1,2,33.0,30대,1,0,0,,8,26.55,3.3
1216,2,0,2,39.0,30대,1,0,0,,8,211.3375,5.3
1217,3,1,2,23.0,20대,3,0,0,,8,7.05,1.9
1218,2,0,2,12.0,10대,2,2,1,,5,39.0,3.6
1219,3,1,0,46.0,40대,1,0,0,,8,79.2,4.3
1220,3,1,2,29.0,20대,2,1,0,,8,26.0,3.2
1221,3,1,2,21.0,20대,2,0,0,,8,13.0,2.5
1222,4,0,2,48.0,40대,2,0,2,,8,36.75,3.5
1223,3,1,0,39.0,30대,1,0,0,,0,29.7,3.4
1224,3,1,0,26.890318414731993,20대,3,0,0,,8,7.225,1.9
1225,4,0,0,19.0,10대,3,1,1,,8,15.7417,2.7
1226,3,1,2,27.0,20대,3,0,0,,8,7.8958,2.0
1227,3,1,2,30.0,20대,1,0,0,,2,26.0,3.2
1228,3,1,2,32.0,30대,2,0,0,,8,13.0,2.5
1229,3,1,0,39.0,30대,3,0,2,,8,7.2292,1.9
1230,3,1,2,25.0,20대,2,0,0,,8,31.5,3.4
1231,1,1,0,15.099792246823313,10대,3,0,0,,8,7.2292,1.9
1232,3,1,2,18.0,10대,2,0,0,,8,10.5,2.3
1233,3,1,2,32.0,30대,3,0,0,,8,7.5792,2.0
1234,3,1,2,19.991185689030274,10대,3,1,9,,8,69.55,4.2
1235,4,0,0,58.0,50대,1,0,1,,1,512.3292,6.2
1236,1,1,2,13.868152800934062,10대,3,1,1,,8,14.5,2.6
1237,2,0,2,16.0,10대,3,0,0,,8,7.65,2.0
1238,3,1,2,26.0,20대,2,0,0,,8,13.0,2.5
1239,4,0,0,38.0,30대,3,0,0,,8,7.2292,1.9
1240,3,1,2,24.0,20대,2,0,0,,8,13.5,2.6
1241,2,0,2,31.0,30대,2,0,0,,8,21.0,3.0
1242,4,0,0,45.0,40대,1,0,1,,3,63.3583,4.1
1243,3,1,2,25.0,20대,2,0,0,,8,10.5,2.3
1244,3,1,2,18.0,10대,2,0,0,,8,73.5,4.3
1245,3,1,2,49.0,40대,2,1,2,,8,65.0,4.1
1246,2,0,2,0.17,0대,3,1,2,,8,20.575,3.0
1247,3,1,2,50.0,40대,1,0,0,,4,26.0,3.2
1248,4,0,2,59.0,50대,1,2,0,,2,51.4792,3.9
1249,3,1,2,28.514951337227075,20대,3,0,0,,8,7.8792,2.0
1250,3,1,1,27.70455332222774,20대,3,0,0,,8,7.75,2.0
1251,4,0,2,30.0,20대,3,1,0,,8,15.55,2.7
1252,1,1,2,14.5,10대,3,8,2,,8,69.55,4.2
1253,4,0,0,24.0,20대,2,1,1,,8,37.0042,3.5
1254,4,0,2,31.0,30대,2,0,0,,8,21.0,3.0
1255,3,1,2,27.0,20대,3,0,0,,8,8.6625,2.1
1256,4,0,0,25.0,20대,1,1,0,,4,55.4417,4.0
1257,4,0,2,22.737455625104104,20대,3,1,9,,8,69.55,4.2
1258,3,1,0,24.81517306120552,20대,3,1,0,,8,14.4583,2.6
1259,2,0,2,22.0,20대,3,0,0,,8,39.6875,3.6
1260,4,0,0,45.0,40대,1,0,1,,8,59.4,4.0
1261,3,1,0,29.0,20대,2,0,0,,8,13.8583,2.6
1262,3,1,2,21.0,20대,2,1,0,,8,11.5,2.4
1263,2,0,0,31.0,30대,1,0,0,,4,134.5,4.9
1264,3,1,2,49.0,40대,1,0,0,,1,61.3792,4.0
1265,3,1,2,44.0,40대,2,0,0,,8,13.0,2.5
1266,4,0,2,54.0,50대,1,1,1,,0,81.8583,4.4
1267,2,0,0,45.0,40대,1,0,0,,8,262.375,5.6
1268,2,0,2,22.0,20대,3,2,0,,8,8.6625,2.1
1269,3,1,2,21.0,20대,2,0,0,,8,11.5,2.4
1270,3,1,2,55.0,50대,1,0,0,,2,50.0,3.9
1271,1,1,2,5.0,0대,3,4,2,,8,31.3875,3.4
1272,3,1,1,27.70455332222774,20대,3,0,0,,8,7.75,2.0
1273,3,1,1,26.0,20대,3,0,0,,8,7.8792,2.0
1274,4,0,2,31.325403430552633,30대,3,0,0,,8,14.5,2.6
1275,4,0,2,19.0,10대,3,1,0,,8,16.1,2.8
1276,3,1,2,33.999784403340385,30대,2,0,0,,8,12.875,2.5
1277,2,0,2,24.0,20대,2,1,2,,8,65.0,4.1
1278,3,1,2,24.0,20대,3,0,0,,8,7.775,2.0
1279,3,1,2,57.0,50대,2,0,0,,8,13.0,2.5
1280,3,1,1,21.0,20대,3,0,0,,8,7.75,2.0
1281,1,1,2,6.0,0대,3,3,1,,8,21.075,3.0
1282,3,1,2,23.0,20대,1,0,0,,1,93.5,4.5
1283,4,0,2,51.0,50대,1,0,1,,3,39.4,3.6
1284,1,1,2,13.0,10대,3,0,2,,8,20.25,2.9
1285,3,1,2,47.0,40대,2,0,0,,8,10.5,2.3
1286,3,1,2,29.0,20대,3,3,1,,8,22.025,3.0
1287,4,0,2,18.0,10대,1,1,0,,2,60.0,4.0
1288,3,1,1,24.0,20대,3,0,0,,8,7.25,1.9
1289,4,0,0,48.0,40대,1,1,1,,1,79.2,4.3
1290,3,1,2,22.0,20대,3,0,0,,8,7.775,2.0
1291,3,1,1,31.0,30대,3,0,0,,8,7.7333,2.0
1292,2,0,2,30.0,20대,1,0,0,,2,164.8667,5.1
1293,3,1,2,38.0,30대,2,1,0,,8,21.0,3.0
1294,2,0,0,22.0,20대,1,0,1,,8,59.4,4.0
1295,3,1,2,17.0,10대,1,0,0,,8,47.1,3.8
1296,3,1,0,43.0,40대,1,1,0,,3,27.7208,3.3
1297,3,1,0,20.0,10대,2,0,0,,3,13.8625,2.6
1298,3,1,2,23.0,20대,2,1,0,,8,10.5,2.3
1299,3,1,0,50.0,40대,1,1,1,,2,211.5,5.3
1300,2,0,1,18.659973310177175,10대,3,0,0,,8,7.7208,2.0
1301,2,0,2,3.0,0대,3,1,1,,8,13.775,2.6
1302,2,0,1,18.660256375515466,10대,3,0,0,,8,7.75,2.0
1303,4,0,1,37.0,30대,1,1,0,,2,90.0,4.5
1304,2,0,2,28.0,20대,3,0,0,,8,7.775,2.0
1305,3,1,2,28.516607075575706,20대,3,0,0,,8,8.05,2.0
1306,6,0,0,39.0,30대,1,0,0,,2,108.9,4.6
1307,3,1,2,38.5,30대,3,0,0,,8,7.25,1.9
1308,3,1,2,28.516607075575706,20대,3,0,0,,8,8.05,2.0
1309,1,1,0,12.326040210363413,10대,3,1,1,,8,22.3583,3.1
